image_path,rel_path,risk,risk_label
C:\YANUS\lumos\train\images\-1-_png.rf.33e01dc23819837cebaacfcfe52d266e.jpg,train/images/-1-_png.rf.33e01dc23819837cebaacfcfe52d266e.jpg,2,대
C:\YANUS\lumos\train\images\-10-2_png.rf.4b716d17a9e6e40600c1a4b70df69136.jpg,train/images/-10-2_png.rf.4b716d17a9e6e40600c1a4b70df69136.jpg,0,소
C:\YANUS\lumos\train\images\-10-3_png.rf.1fd0f996d949f9109f44b6cd41cad8fb.jpg,train/images/-10-3_png.rf.1fd0f996d949f9109f44b6cd41cad8fb.jpg,2,대
C:\YANUS\lumos\train\images\-10_png.rf.07e63e6b0a21bd61704af3515986ca9a.jpg,train/images/-10_png.rf.07e63e6b0a21bd61704af3515986ca9a.jpg,2,대
C:\YANUS\lumos\train\images\-10_png.rf.0f819132f5a4f82e859e61391625709f.jpg,train/images/-10_png.rf.0f819132f5a4f82e859e61391625709f.jpg,1,중
C:\YANUS\lumos\train\images\-10_png.rf.1bb589aef95037040399f146b0dad0f0.jpg,train/images/-10_png.rf.1bb589aef95037040399f146b0dad0f0.jpg,2,대
C:\YANUS\lumos\train\images\-10_png.rf.23b6a4802e0c68301402c36790c9a456.jpg,train/images/-10_png.rf.23b6a4802e0c68301402c36790c9a456.jpg,0,소
C:\YANUS\lumos\train\images\-10_png.rf.2d1757f3518ce5127f8a1d11cb3be1a9.jpg,train/images/-10_png.rf.2d1757f3518ce5127f8a1d11cb3be1a9.jpg,2,대
C:\YANUS\lumos\train\images\-10_png.rf.2dabbd70f13fae091c23602f9c9fb9d3.jpg,train/images/-10_png.rf.2dabbd70f13fae091c23602f9c9fb9d3.jpg,2,대
C:\YANUS\lumos\train\images\-10_png.rf.2dd263a4922c965094d70458b9e24110.jpg,train/images/-10_png.rf.2dd263a4922c965094d70458b9e24110.jpg,2,대
C:\YANUS\lumos\train\images\-10_png.rf.3420c5898a3e7819e51c305bf7dad36f.jpg,train/images/-10_png.rf.3420c5898a3e7819e51c305bf7dad36f.jpg,0,소
C:\YANUS\lumos\train\images\-10_png.rf.37e8655c858ab90189b8b55dd880e9d3.jpg,train/images/-10_png.rf.37e8655c858ab90189b8b55dd880e9d3.jpg,2,대
C:\YANUS\lumos\train\images\-10_png.rf.3c3ff7b8566ae3f167cc9894d631518b.jpg,train/images/-10_png.rf.3c3ff7b8566ae3f167cc9894d631518b.jpg,2,대
C:\YANUS\lumos\train\images\-10_png.rf.46c2a20179a9237f8f628244865f44bd.jpg,train/images/-10_png.rf.46c2a20179a9237f8f628244865f44bd.jpg,2,대
C:\YANUS\lumos\train\images\-10_png.rf.4acd782abcbac19dff5cdfa989253d20.jpg,train/images/-10_png.rf.4acd782abcbac19dff5cdfa989253d20.jpg,2,대
C:\YANUS\lumos\train\images\-10_png.rf.5a89e86d0e7642281c5a8109c3f2884c.jpg,train/images/-10_png.rf.5a89e86d0e7642281c5a8109c3f2884c.jpg,2,대
C:\YANUS\lumos\train\images\-10_png.rf.63023b0a3308e9e97d5898864a48bfb4.jpg,train/images/-10_png.rf.63023b0a3308e9e97d5898864a48bfb4.jpg,2,대
C:\YANUS\lumos\train\images\-10_png.rf.8171d00a57d2dad0ce362dc0c8bb2607.jpg,train/images/-10_png.rf.8171d00a57d2dad0ce362dc0c8bb2607.jpg,1,중
C:\YANUS\lumos\train\images\-10_png.rf.887572ceb446e6f3879884fd89cde9c7.jpg,train/images/-10_png.rf.887572ceb446e6f3879884fd89cde9c7.jpg,2,대
C:\YANUS\lumos\train\images\-10_png.rf.9e0e011fb2d8b2dbeaee5f3452b2f701.jpg,train/images/-10_png.rf.9e0e011fb2d8b2dbeaee5f3452b2f701.jpg,2,대
C:\YANUS\lumos\train\images\-10_png.rf.9fa3c2119db1af047fd70c44ce678670.jpg,train/images/-10_png.rf.9fa3c2119db1af047fd70c44ce678670.jpg,2,대
C:\YANUS\lumos\train\images\-10_png.rf.b09cffb7dc5a3c0f391b996d774b6d1b.jpg,train/images/-10_png.rf.b09cffb7dc5a3c0f391b996d774b6d1b.jpg,1,중
C:\YANUS\lumos\train\images\-10_png.rf.c0976d7e1ce9f0f6f298ff54d545864c.jpg,train/images/-10_png.rf.c0976d7e1ce9f0f6f298ff54d545864c.jpg,1,중
C:\YANUS\lumos\train\images\-10_png.rf.c4a72cdfca2579016620eb4ad06b76ee.jpg,train/images/-10_png.rf.c4a72cdfca2579016620eb4ad06b76ee.jpg,2,대
C:\YANUS\lumos\train\images\-10_png.rf.cff3bab46f19bf4e9332e616838efcaa.jpg,train/images/-10_png.rf.cff3bab46f19bf4e9332e616838efcaa.jpg,2,대
C:\YANUS\lumos\train\images\-10_png.rf.d706954a4f1f799e6391820e84458cd3.jpg,train/images/-10_png.rf.d706954a4f1f799e6391820e84458cd3.jpg,0,소
C:\YANUS\lumos\train\images\-10_png.rf.e354deaf13dea57b6871f284dd4a68cd.jpg,train/images/-10_png.rf.e354deaf13dea57b6871f284dd4a68cd.jpg,2,대
C:\YANUS\lumos\train\images\-10_png.rf.eac5dce4c4be3ad552ebcdaaba14f1b4.jpg,train/images/-10_png.rf.eac5dce4c4be3ad552ebcdaaba14f1b4.jpg,2,대
C:\YANUS\lumos\train\images\-11_png.rf.0f2f9d6caeb13c7df3940dfa8669fa04.jpg,train/images/-11_png.rf.0f2f9d6caeb13c7df3940dfa8669fa04.jpg,2,대
C:\YANUS\lumos\train\images\-11_png.rf.116e45481a682299066b94a0f082ec7d.jpg,train/images/-11_png.rf.116e45481a682299066b94a0f082ec7d.jpg,2,대
C:\YANUS\lumos\train\images\-11_png.rf.2a65b3e9894dfe9f8fc1b5be8c9a0966.jpg,train/images/-11_png.rf.2a65b3e9894dfe9f8fc1b5be8c9a0966.jpg,0,소
C:\YANUS\lumos\train\images\-11_png.rf.405e534a5f4138b94e4bec509a5dc108.jpg,train/images/-11_png.rf.405e534a5f4138b94e4bec509a5dc108.jpg,2,대
C:\YANUS\lumos\train\images\-11_png.rf.419951f554dbab43ec1b1fb80bf1704b.jpg,train/images/-11_png.rf.419951f554dbab43ec1b1fb80bf1704b.jpg,2,대
C:\YANUS\lumos\train\images\-11_png.rf.465b24407609ac20d7df0f71e35ddf94.jpg,train/images/-11_png.rf.465b24407609ac20d7df0f71e35ddf94.jpg,2,대
C:\YANUS\lumos\train\images\-11_png.rf.4fc411e6613623955a5100e073eb0b51.jpg,train/images/-11_png.rf.4fc411e6613623955a5100e073eb0b51.jpg,2,대
C:\YANUS\lumos\train\images\-11_png.rf.509797515cadb7e4f02e2f128adbd410.jpg,train/images/-11_png.rf.509797515cadb7e4f02e2f128adbd410.jpg,1,중
C:\YANUS\lumos\train\images\-11_png.rf.581ca7c9bd611580c37292be1598f062.jpg,train/images/-11_png.rf.581ca7c9bd611580c37292be1598f062.jpg,2,대
C:\YANUS\lumos\train\images\-11_png.rf.5e37b456ea92560c071b9e12f3be1777.jpg,train/images/-11_png.rf.5e37b456ea92560c071b9e12f3be1777.jpg,2,대
C:\YANUS\lumos\train\images\-11_png.rf.5f76f34df3c9717a04f8feae314e67af.jpg,train/images/-11_png.rf.5f76f34df3c9717a04f8feae314e67af.jpg,2,대
C:\YANUS\lumos\train\images\-11_png.rf.5faa8c2c8121ba371b4f27b3d36a2721.jpg,train/images/-11_png.rf.5faa8c2c8121ba371b4f27b3d36a2721.jpg,1,중
C:\YANUS\lumos\train\images\-11_png.rf.78a88b0a70bc2c83a6fd32345113435c.jpg,train/images/-11_png.rf.78a88b0a70bc2c83a6fd32345113435c.jpg,0,소
C:\YANUS\lumos\train\images\-11_png.rf.7e1597f0a0f042d8e58b4bde7320d8ba.jpg,train/images/-11_png.rf.7e1597f0a0f042d8e58b4bde7320d8ba.jpg,0,소
C:\YANUS\lumos\train\images\-11_png.rf.b36e70115ffa2c3f571d04311f8b864a.jpg,train/images/-11_png.rf.b36e70115ffa2c3f571d04311f8b864a.jpg,2,대
C:\YANUS\lumos\train\images\-11_png.rf.b6d35b4a44ba56ea5e0e6a0d3633270c.jpg,train/images/-11_png.rf.b6d35b4a44ba56ea5e0e6a0d3633270c.jpg,1,중
C:\YANUS\lumos\train\images\-11_png.rf.b94b5f5dffb382948f943c2061375566.jpg,train/images/-11_png.rf.b94b5f5dffb382948f943c2061375566.jpg,0,소
C:\YANUS\lumos\train\images\-11_png.rf.ba7979a4e182e3b0835e06ef3a1d45d4.jpg,train/images/-11_png.rf.ba7979a4e182e3b0835e06ef3a1d45d4.jpg,1,중
C:\YANUS\lumos\train\images\-11_png.rf.ba85ac44e8d816516f74cf557107794f.jpg,train/images/-11_png.rf.ba85ac44e8d816516f74cf557107794f.jpg,1,중
C:\YANUS\lumos\train\images\-11_png.rf.bf1f15ca175f2088b1430e0fd6e06b60.jpg,train/images/-11_png.rf.bf1f15ca175f2088b1430e0fd6e06b60.jpg,2,대
C:\YANUS\lumos\train\images\-11_png.rf.d341a214b72e7488d356a83c182dfeb6.jpg,train/images/-11_png.rf.d341a214b72e7488d356a83c182dfeb6.jpg,2,대
C:\YANUS\lumos\train\images\-11_png.rf.ecb1a6ecc66be6b6feb220441441e351.jpg,train/images/-11_png.rf.ecb1a6ecc66be6b6feb220441441e351.jpg,0,소
C:\YANUS\lumos\train\images\-11_png.rf.f6200d22d4b17da08a961494e5b5d4dc.jpg,train/images/-11_png.rf.f6200d22d4b17da08a961494e5b5d4dc.jpg,1,중
C:\YANUS\lumos\train\images\-11_png.rf.f6401f84fdfd6383c7438e96afbdb569.jpg,train/images/-11_png.rf.f6401f84fdfd6383c7438e96afbdb569.jpg,2,대
C:\YANUS\lumos\train\images\-11_png.rf.f6e6bcf36c054d13938b43e5b62bcbd5.jpg,train/images/-11_png.rf.f6e6bcf36c054d13938b43e5b62bcbd5.jpg,1,중
C:\YANUS\lumos\train\images\-11_png.rf.fc54732a898697e0dde2457e216d4fb3.jpg,train/images/-11_png.rf.fc54732a898697e0dde2457e216d4fb3.jpg,1,중
C:\YANUS\lumos\train\images\-12-1_png.rf.158a9dd8fcf327a5cac2c590e14bd6f7.jpg,train/images/-12-1_png.rf.158a9dd8fcf327a5cac2c590e14bd6f7.jpg,2,대
C:\YANUS\lumos\train\images\-12_png.rf.08a2338d55bad357214d6c4280e61873.jpg,train/images/-12_png.rf.08a2338d55bad357214d6c4280e61873.jpg,2,대
C:\YANUS\lumos\train\images\-12_png.rf.180559b7b68e66cf3bef7babb709adb6.jpg,train/images/-12_png.rf.180559b7b68e66cf3bef7babb709adb6.jpg,1,중
C:\YANUS\lumos\train\images\-12_png.rf.3aba4154aa42dc2055addb858c4dfbff.jpg,train/images/-12_png.rf.3aba4154aa42dc2055addb858c4dfbff.jpg,1,중
C:\YANUS\lumos\train\images\-12_png.rf.427b24fdf2ea3279147dd980130a5f72.jpg,train/images/-12_png.rf.427b24fdf2ea3279147dd980130a5f72.jpg,2,대
C:\YANUS\lumos\train\images\-12_png.rf.4d685c1b737b058f55c4b2f57a71c67e.jpg,train/images/-12_png.rf.4d685c1b737b058f55c4b2f57a71c67e.jpg,2,대
C:\YANUS\lumos\train\images\-12_png.rf.51ab1714b30dd95d9e84ca34b03f3a20.jpg,train/images/-12_png.rf.51ab1714b30dd95d9e84ca34b03f3a20.jpg,2,대
C:\YANUS\lumos\train\images\-12_png.rf.541a99c03dcd42b9dd3f055cca46d4d6.jpg,train/images/-12_png.rf.541a99c03dcd42b9dd3f055cca46d4d6.jpg,2,대
C:\YANUS\lumos\train\images\-12_png.rf.55ea16136a645d46d857d62aa2793b0b.jpg,train/images/-12_png.rf.55ea16136a645d46d857d62aa2793b0b.jpg,2,대
C:\YANUS\lumos\train\images\-12_png.rf.5e2ed3dc738be849997f2dccb0c50563.jpg,train/images/-12_png.rf.5e2ed3dc738be849997f2dccb0c50563.jpg,2,대
C:\YANUS\lumos\train\images\-12_png.rf.63d240e28b045033e4e694febc3c24e8.jpg,train/images/-12_png.rf.63d240e28b045033e4e694febc3c24e8.jpg,2,대
C:\YANUS\lumos\train\images\-12_png.rf.69999011ebd2c5a1a9044bbc65a2b134.jpg,train/images/-12_png.rf.69999011ebd2c5a1a9044bbc65a2b134.jpg,0,소
C:\YANUS\lumos\train\images\-12_png.rf.700dd7257fb836091a48818b0889ce81.jpg,train/images/-12_png.rf.700dd7257fb836091a48818b0889ce81.jpg,2,대
C:\YANUS\lumos\train\images\-12_png.rf.729290ef1d53bb5ed2e42d3fafe41a63.jpg,train/images/-12_png.rf.729290ef1d53bb5ed2e42d3fafe41a63.jpg,1,중
C:\YANUS\lumos\train\images\-12_png.rf.775453f8f08d14cb27ddbc82460519e7.jpg,train/images/-12_png.rf.775453f8f08d14cb27ddbc82460519e7.jpg,0,소
C:\YANUS\lumos\train\images\-12_png.rf.79b6b6e11b3d8b7cd2d66d208a29502c.jpg,train/images/-12_png.rf.79b6b6e11b3d8b7cd2d66d208a29502c.jpg,0,소
C:\YANUS\lumos\train\images\-12_png.rf.7a5ff88c11da378b60904567fa7e8a12.jpg,train/images/-12_png.rf.7a5ff88c11da378b60904567fa7e8a12.jpg,0,소
C:\YANUS\lumos\train\images\-12_png.rf.7fd24816f001361a18b821d0cbb2621e.jpg,train/images/-12_png.rf.7fd24816f001361a18b821d0cbb2621e.jpg,0,소
C:\YANUS\lumos\train\images\-12_png.rf.8777743b575ed87cfa3cff66d83ed7d8.jpg,train/images/-12_png.rf.8777743b575ed87cfa3cff66d83ed7d8.jpg,0,소
C:\YANUS\lumos\train\images\-12_png.rf.8b7f424713eb8cff197f32ddd33cfdb2.jpg,train/images/-12_png.rf.8b7f424713eb8cff197f32ddd33cfdb2.jpg,2,대
C:\YANUS\lumos\train\images\-12_png.rf.9048a8f3883e0ff181bcf3d711d5b152.jpg,train/images/-12_png.rf.9048a8f3883e0ff181bcf3d711d5b152.jpg,2,대
C:\YANUS\lumos\train\images\-12_png.rf.9187446e3d850c4e99f86a4f0cd4e85b.jpg,train/images/-12_png.rf.9187446e3d850c4e99f86a4f0cd4e85b.jpg,1,중
C:\YANUS\lumos\train\images\-12_png.rf.a6704c761d2a93958e875d0e250f324c.jpg,train/images/-12_png.rf.a6704c761d2a93958e875d0e250f324c.jpg,2,대
C:\YANUS\lumos\train\images\-12_png.rf.afb88962031660d82292ac5071b78ab6.jpg,train/images/-12_png.rf.afb88962031660d82292ac5071b78ab6.jpg,2,대
C:\YANUS\lumos\train\images\-12_png.rf.b6d3d903beeb89ed2908f8bebdb184d2.jpg,train/images/-12_png.rf.b6d3d903beeb89ed2908f8bebdb184d2.jpg,2,대
C:\YANUS\lumos\train\images\-12_png.rf.bd9a4614ffc8d56028ea89a5518a00d6.jpg,train/images/-12_png.rf.bd9a4614ffc8d56028ea89a5518a00d6.jpg,2,대
C:\YANUS\lumos\train\images\-12_png.rf.bf61bcf88c02709b3751ea8200f1e299.jpg,train/images/-12_png.rf.bf61bcf88c02709b3751ea8200f1e299.jpg,2,대
C:\YANUS\lumos\train\images\-12_png.rf.c4dec9afa7929061d5b11edf6c6edc83.jpg,train/images/-12_png.rf.c4dec9afa7929061d5b11edf6c6edc83.jpg,2,대
C:\YANUS\lumos\train\images\-12_png.rf.d0a818ada4c5fb001a9b74e55aec51a3.jpg,train/images/-12_png.rf.d0a818ada4c5fb001a9b74e55aec51a3.jpg,2,대
C:\YANUS\lumos\train\images\-12_png.rf.d520dc16b108bcac29b1e8154429bfbd.jpg,train/images/-12_png.rf.d520dc16b108bcac29b1e8154429bfbd.jpg,1,중
C:\YANUS\lumos\train\images\-12_png.rf.e533d80807cc8acea09d3f941b4cc0d9.jpg,train/images/-12_png.rf.e533d80807cc8acea09d3f941b4cc0d9.jpg,2,대
C:\YANUS\lumos\train\images\-12_png.rf.f0268ae2cd27be25ae497223d1508601.jpg,train/images/-12_png.rf.f0268ae2cd27be25ae497223d1508601.jpg,2,대
C:\YANUS\lumos\train\images\-13_png.rf.060c722732835ac7359b01c00180843b.jpg,train/images/-13_png.rf.060c722732835ac7359b01c00180843b.jpg,0,소
C:\YANUS\lumos\train\images\-13_png.rf.407125b311b31e03753fa1d931020693.jpg,train/images/-13_png.rf.407125b311b31e03753fa1d931020693.jpg,2,대
C:\YANUS\lumos\train\images\-13_png.rf.43a0a9c34d963d388b3ecc1e6e6a2dee.jpg,train/images/-13_png.rf.43a0a9c34d963d388b3ecc1e6e6a2dee.jpg,2,대
C:\YANUS\lumos\train\images\-13_png.rf.4ae78806ee8a584d201bf1f56e91ab2a.jpg,train/images/-13_png.rf.4ae78806ee8a584d201bf1f56e91ab2a.jpg,2,대
C:\YANUS\lumos\train\images\-13_png.rf.51b10886735cdbf49339bed6cfcbb85e.jpg,train/images/-13_png.rf.51b10886735cdbf49339bed6cfcbb85e.jpg,2,대
C:\YANUS\lumos\train\images\-13_png.rf.6717f9cac6a39051bf0f19db44267677.jpg,train/images/-13_png.rf.6717f9cac6a39051bf0f19db44267677.jpg,2,대
C:\YANUS\lumos\train\images\-13_png.rf.6b79823d77be3c27779fbd9fe3b4c427.jpg,train/images/-13_png.rf.6b79823d77be3c27779fbd9fe3b4c427.jpg,2,대
C:\YANUS\lumos\train\images\-13_png.rf.6fce98e566f14f8cc7f40a8e7fcac57d.jpg,train/images/-13_png.rf.6fce98e566f14f8cc7f40a8e7fcac57d.jpg,1,중
C:\YANUS\lumos\train\images\-13_png.rf.76855dcfbacc512ed7a3e137145d4086.jpg,train/images/-13_png.rf.76855dcfbacc512ed7a3e137145d4086.jpg,2,대
C:\YANUS\lumos\train\images\-13_png.rf.7d75a63cec8201bc2353a370cada1af9.jpg,train/images/-13_png.rf.7d75a63cec8201bc2353a370cada1af9.jpg,2,대
C:\YANUS\lumos\train\images\-13_png.rf.83b3884ad163fd59815b90a1b1fe80e0.jpg,train/images/-13_png.rf.83b3884ad163fd59815b90a1b1fe80e0.jpg,2,대
C:\YANUS\lumos\train\images\-13_png.rf.8937f9413200f9d93ad66e8490e4eab0.jpg,train/images/-13_png.rf.8937f9413200f9d93ad66e8490e4eab0.jpg,2,대
C:\YANUS\lumos\train\images\-13_png.rf.905409815f4d608fff502f5ce00ce4ad.jpg,train/images/-13_png.rf.905409815f4d608fff502f5ce00ce4ad.jpg,2,대
C:\YANUS\lumos\train\images\-13_png.rf.95297025da485b028e0382b15e830978.jpg,train/images/-13_png.rf.95297025da485b028e0382b15e830978.jpg,2,대
C:\YANUS\lumos\train\images\-13_png.rf.97d1af9273d043db9d026e7013b8ccc3.jpg,train/images/-13_png.rf.97d1af9273d043db9d026e7013b8ccc3.jpg,2,대
C:\YANUS\lumos\train\images\-13_png.rf.98426dbd6cd0abd114c63d88aa8712e2.jpg,train/images/-13_png.rf.98426dbd6cd0abd114c63d88aa8712e2.jpg,2,대
C:\YANUS\lumos\train\images\-13_png.rf.a4878c9e87d25a94838965be262bda8c.jpg,train/images/-13_png.rf.a4878c9e87d25a94838965be262bda8c.jpg,2,대
C:\YANUS\lumos\train\images\-13_png.rf.afbe10a939c4dfe656c307a4f814cf4f.jpg,train/images/-13_png.rf.afbe10a939c4dfe656c307a4f814cf4f.jpg,2,대
C:\YANUS\lumos\train\images\-13_png.rf.c2fb9fd1a3bb7e1c988665df6eb9705f.jpg,train/images/-13_png.rf.c2fb9fd1a3bb7e1c988665df6eb9705f.jpg,1,중
C:\YANUS\lumos\train\images\-13_png.rf.c4cdf5239e713a74c143c3e37c6f4c3a.jpg,train/images/-13_png.rf.c4cdf5239e713a74c143c3e37c6f4c3a.jpg,1,중
C:\YANUS\lumos\train\images\-13_png.rf.c53e11bcb2bd78d3675385f9b4626c9d.jpg,train/images/-13_png.rf.c53e11bcb2bd78d3675385f9b4626c9d.jpg,2,대
C:\YANUS\lumos\train\images\-13_png.rf.e8f4295cc421d0311ae721da08d6c53f.jpg,train/images/-13_png.rf.e8f4295cc421d0311ae721da08d6c53f.jpg,2,대
C:\YANUS\lumos\train\images\-13_png.rf.f2b42168a49f40b4f72943fee9d3cf61.jpg,train/images/-13_png.rf.f2b42168a49f40b4f72943fee9d3cf61.jpg,0,소
C:\YANUS\lumos\train\images\-13_png.rf.fb8b1bd657b18524dd92228f96b33b0c.jpg,train/images/-13_png.rf.fb8b1bd657b18524dd92228f96b33b0c.jpg,2,대
C:\YANUS\lumos\train\images\-14_png.rf.0f0e8dbfacff0a640524a08ceb29d4b4.jpg,train/images/-14_png.rf.0f0e8dbfacff0a640524a08ceb29d4b4.jpg,2,대
C:\YANUS\lumos\train\images\-14_png.rf.215547342a3a41c1dc80db464c9ad119.jpg,train/images/-14_png.rf.215547342a3a41c1dc80db464c9ad119.jpg,2,대
C:\YANUS\lumos\train\images\-14_png.rf.23ba320159f57aa8cc5715e0adc4dc53.jpg,train/images/-14_png.rf.23ba320159f57aa8cc5715e0adc4dc53.jpg,2,대
C:\YANUS\lumos\train\images\-14_png.rf.2e6f2a18666a15cc703b492b505a1172.jpg,train/images/-14_png.rf.2e6f2a18666a15cc703b492b505a1172.jpg,2,대
C:\YANUS\lumos\train\images\-14_png.rf.2efbab4e09dd445cdd76dcbecf85c598.jpg,train/images/-14_png.rf.2efbab4e09dd445cdd76dcbecf85c598.jpg,1,중
C:\YANUS\lumos\train\images\-14_png.rf.3503894442454e60cd9d05da7ed32f7a.jpg,train/images/-14_png.rf.3503894442454e60cd9d05da7ed32f7a.jpg,2,대
C:\YANUS\lumos\train\images\-14_png.rf.35327738751e466b44486baaa9cd2975.jpg,train/images/-14_png.rf.35327738751e466b44486baaa9cd2975.jpg,2,대
C:\YANUS\lumos\train\images\-14_png.rf.3f5dacd84508ecf73da72ef383aec070.jpg,train/images/-14_png.rf.3f5dacd84508ecf73da72ef383aec070.jpg,0,소
C:\YANUS\lumos\train\images\-14_png.rf.484d7fbc6d57c54198164b53a85bc8ab.jpg,train/images/-14_png.rf.484d7fbc6d57c54198164b53a85bc8ab.jpg,2,대
C:\YANUS\lumos\train\images\-14_png.rf.4a28078cd0871ce85798dceef2736560.jpg,train/images/-14_png.rf.4a28078cd0871ce85798dceef2736560.jpg,2,대
C:\YANUS\lumos\train\images\-14_png.rf.501983bbde2e4d812b87effd60d98f3f.jpg,train/images/-14_png.rf.501983bbde2e4d812b87effd60d98f3f.jpg,1,중
C:\YANUS\lumos\train\images\-14_png.rf.65439b9a8fe1914b9968d183bbcd8ebb.jpg,train/images/-14_png.rf.65439b9a8fe1914b9968d183bbcd8ebb.jpg,2,대
C:\YANUS\lumos\train\images\-14_png.rf.655a3d150488ab1d6f25c4107ada5388.jpg,train/images/-14_png.rf.655a3d150488ab1d6f25c4107ada5388.jpg,2,대
C:\YANUS\lumos\train\images\-14_png.rf.66c60021e1a508bc6007ac5b0945103c.jpg,train/images/-14_png.rf.66c60021e1a508bc6007ac5b0945103c.jpg,2,대
C:\YANUS\lumos\train\images\-14_png.rf.7ab39a059914656181a7879de6f65d20.jpg,train/images/-14_png.rf.7ab39a059914656181a7879de6f65d20.jpg,0,소
C:\YANUS\lumos\train\images\-14_png.rf.852abbed5d5b56f17368b3514b9974e7.jpg,train/images/-14_png.rf.852abbed5d5b56f17368b3514b9974e7.jpg,2,대
C:\YANUS\lumos\train\images\-14_png.rf.90499fea522106921ff746323f9086d6.jpg,train/images/-14_png.rf.90499fea522106921ff746323f9086d6.jpg,0,소
C:\YANUS\lumos\train\images\-14_png.rf.906690ab5efc5b42e700bbc90597829b.jpg,train/images/-14_png.rf.906690ab5efc5b42e700bbc90597829b.jpg,2,대
C:\YANUS\lumos\train\images\-14_png.rf.98845f1809416200b716aa8382924be7.jpg,train/images/-14_png.rf.98845f1809416200b716aa8382924be7.jpg,1,중
C:\YANUS\lumos\train\images\-14_png.rf.9a831557ac32a24d38cf343292517e91.jpg,train/images/-14_png.rf.9a831557ac32a24d38cf343292517e91.jpg,2,대
C:\YANUS\lumos\train\images\-14_png.rf.9af838c3e65fb3f53f82f388de260f4b.jpg,train/images/-14_png.rf.9af838c3e65fb3f53f82f388de260f4b.jpg,2,대
C:\YANUS\lumos\train\images\-14_png.rf.c359f6c73aa9ac7d1a3966ee5215dafc.jpg,train/images/-14_png.rf.c359f6c73aa9ac7d1a3966ee5215dafc.jpg,2,대
C:\YANUS\lumos\train\images\-14_png.rf.d3f8da3821c531b172f91e30a8976702.jpg,train/images/-14_png.rf.d3f8da3821c531b172f91e30a8976702.jpg,2,대
C:\YANUS\lumos\train\images\-14_png.rf.df35ce5b398fcd0d9d5f648b73ce2f71.jpg,train/images/-14_png.rf.df35ce5b398fcd0d9d5f648b73ce2f71.jpg,2,대
C:\YANUS\lumos\train\images\-15_png.rf.0371e56dd844c29518f89cba2add0f1f.jpg,train/images/-15_png.rf.0371e56dd844c29518f89cba2add0f1f.jpg,2,대
C:\YANUS\lumos\train\images\-15_png.rf.1888bf2ba86f86008478f2f997025efc.jpg,train/images/-15_png.rf.1888bf2ba86f86008478f2f997025efc.jpg,2,대
C:\YANUS\lumos\train\images\-15_png.rf.48cca13399175391ff8276603557a9af.jpg,train/images/-15_png.rf.48cca13399175391ff8276603557a9af.jpg,2,대
C:\YANUS\lumos\train\images\-15_png.rf.4fdc13a8e26a2ee2aa3e685620f5a164.jpg,train/images/-15_png.rf.4fdc13a8e26a2ee2aa3e685620f5a164.jpg,2,대
C:\YANUS\lumos\train\images\-15_png.rf.582a4120d7fd99a092b182bd34bb931d.jpg,train/images/-15_png.rf.582a4120d7fd99a092b182bd34bb931d.jpg,2,대
C:\YANUS\lumos\train\images\-15_png.rf.650c7693af5b99632f038b2245f9adce.jpg,train/images/-15_png.rf.650c7693af5b99632f038b2245f9adce.jpg,1,중
C:\YANUS\lumos\train\images\-15_png.rf.7f91f0f5f48037f7fdc3a133087dd4dd.jpg,train/images/-15_png.rf.7f91f0f5f48037f7fdc3a133087dd4dd.jpg,1,중
C:\YANUS\lumos\train\images\-15_png.rf.905d598d618f988823e9dd3410d01d90.jpg,train/images/-15_png.rf.905d598d618f988823e9dd3410d01d90.jpg,2,대
C:\YANUS\lumos\train\images\-15_png.rf.918159f54faba7cdccf653efd78b06de.jpg,train/images/-15_png.rf.918159f54faba7cdccf653efd78b06de.jpg,2,대
C:\YANUS\lumos\train\images\-15_png.rf.96e880d4046d61b415108e22d97e9b28.jpg,train/images/-15_png.rf.96e880d4046d61b415108e22d97e9b28.jpg,2,대
C:\YANUS\lumos\train\images\-15_png.rf.9e3088a97854e52b6affaa4d14da5604.jpg,train/images/-15_png.rf.9e3088a97854e52b6affaa4d14da5604.jpg,2,대
C:\YANUS\lumos\train\images\-15_png.rf.9f6c020bf3bce9f0c8ffd7d7180ec30b.jpg,train/images/-15_png.rf.9f6c020bf3bce9f0c8ffd7d7180ec30b.jpg,2,대
C:\YANUS\lumos\train\images\-15_png.rf.a88f121fb634ba1a339dddc4871f2fd4.jpg,train/images/-15_png.rf.a88f121fb634ba1a339dddc4871f2fd4.jpg,0,소
C:\YANUS\lumos\train\images\-15_png.rf.a8a4bdc629903a5e3d73bc1c9f7cbf0f.jpg,train/images/-15_png.rf.a8a4bdc629903a5e3d73bc1c9f7cbf0f.jpg,1,중
C:\YANUS\lumos\train\images\-15_png.rf.aa7508744e99ed75012ba7a865c514c9.jpg,train/images/-15_png.rf.aa7508744e99ed75012ba7a865c514c9.jpg,0,소
C:\YANUS\lumos\train\images\-15_png.rf.c310e8a7572d6c61d8d0a99d34a16a63.jpg,train/images/-15_png.rf.c310e8a7572d6c61d8d0a99d34a16a63.jpg,2,대
C:\YANUS\lumos\train\images\-15_png.rf.d853bcf6ac3ade09534aea7b0a1eee78.jpg,train/images/-15_png.rf.d853bcf6ac3ade09534aea7b0a1eee78.jpg,2,대
C:\YANUS\lumos\train\images\-15_png.rf.e0f8a9654ebd074141a9be9f9021529f.jpg,train/images/-15_png.rf.e0f8a9654ebd074141a9be9f9021529f.jpg,2,대
C:\YANUS\lumos\train\images\-15_png.rf.e6fb9cdf89e446847fded12e33e67684.jpg,train/images/-15_png.rf.e6fb9cdf89e446847fded12e33e67684.jpg,2,대
C:\YANUS\lumos\train\images\-15_png.rf.fa364daef250bc3033d2aba6fcadfa80.jpg,train/images/-15_png.rf.fa364daef250bc3033d2aba6fcadfa80.jpg,2,대
C:\YANUS\lumos\train\images\-16_png.rf.1c55fd180db04e730c6752dd02b130cc.jpg,train/images/-16_png.rf.1c55fd180db04e730c6752dd02b130cc.jpg,2,대
C:\YANUS\lumos\train\images\-16_png.rf.1d6eb6d2ab545a72b521b6594cfab03d.jpg,train/images/-16_png.rf.1d6eb6d2ab545a72b521b6594cfab03d.jpg,2,대
C:\YANUS\lumos\train\images\-16_png.rf.1ee3c8384b58459afd78d8e12103bb1e.jpg,train/images/-16_png.rf.1ee3c8384b58459afd78d8e12103bb1e.jpg,2,대
C:\YANUS\lumos\train\images\-16_png.rf.39f95da871559fa3b698eff05b103d08.jpg,train/images/-16_png.rf.39f95da871559fa3b698eff05b103d08.jpg,0,소
C:\YANUS\lumos\train\images\-16_png.rf.5355176189c024280515a93a25cf9ea7.jpg,train/images/-16_png.rf.5355176189c024280515a93a25cf9ea7.jpg,1,중
C:\YANUS\lumos\train\images\-16_png.rf.57ce17ac027e768bb72e7118a3e9664d.jpg,train/images/-16_png.rf.57ce17ac027e768bb72e7118a3e9664d.jpg,2,대
C:\YANUS\lumos\train\images\-16_png.rf.9530f2e2fe85dc6a975d7da6def2130b.jpg,train/images/-16_png.rf.9530f2e2fe85dc6a975d7da6def2130b.jpg,2,대
C:\YANUS\lumos\train\images\-16_png.rf.a6e32c66ee7b4c6b84089282f7339480.jpg,train/images/-16_png.rf.a6e32c66ee7b4c6b84089282f7339480.jpg,1,중
C:\YANUS\lumos\train\images\-16_png.rf.b695cbd6d09e3bc19859c38f41047411.jpg,train/images/-16_png.rf.b695cbd6d09e3bc19859c38f41047411.jpg,2,대
C:\YANUS\lumos\train\images\-16_png.rf.c5b7de4f96228d7e478b67ee09fb5c20.jpg,train/images/-16_png.rf.c5b7de4f96228d7e478b67ee09fb5c20.jpg,2,대
C:\YANUS\lumos\train\images\-16_png.rf.c609ebd9c2df77a18f45b0170f07f1c6.jpg,train/images/-16_png.rf.c609ebd9c2df77a18f45b0170f07f1c6.jpg,2,대
C:\YANUS\lumos\train\images\-16_png.rf.ca04ea598dcd4b217f0e55b5025e8eb4.jpg,train/images/-16_png.rf.ca04ea598dcd4b217f0e55b5025e8eb4.jpg,2,대
C:\YANUS\lumos\train\images\-16_png.rf.d9fc49913fb50d052431b873668ac576.jpg,train/images/-16_png.rf.d9fc49913fb50d052431b873668ac576.jpg,1,중
C:\YANUS\lumos\train\images\-17_png.rf.1416fba758b9dbaf0ef2a21496de38a0.jpg,train/images/-17_png.rf.1416fba758b9dbaf0ef2a21496de38a0.jpg,2,대
C:\YANUS\lumos\train\images\-17_png.rf.41632078fd55378928fb0e88459683d4.jpg,train/images/-17_png.rf.41632078fd55378928fb0e88459683d4.jpg,1,중
C:\YANUS\lumos\train\images\-17_png.rf.42b5b7d36f774e327146de758fdf446c.jpg,train/images/-17_png.rf.42b5b7d36f774e327146de758fdf446c.jpg,2,대
C:\YANUS\lumos\train\images\-17_png.rf.44c4dcf9c37c2010be2076477c4ab14f.jpg,train/images/-17_png.rf.44c4dcf9c37c2010be2076477c4ab14f.jpg,2,대
C:\YANUS\lumos\train\images\-17_png.rf.45d527410aa560fb1c064397b0ef0f35.jpg,train/images/-17_png.rf.45d527410aa560fb1c064397b0ef0f35.jpg,0,소
C:\YANUS\lumos\train\images\-17_png.rf.4e6e762eca615bdcf68936538cb37bd7.jpg,train/images/-17_png.rf.4e6e762eca615bdcf68936538cb37bd7.jpg,2,대
C:\YANUS\lumos\train\images\-17_png.rf.6c9880801db1427f7bda176a7313518b.jpg,train/images/-17_png.rf.6c9880801db1427f7bda176a7313518b.jpg,1,중
C:\YANUS\lumos\train\images\-17_png.rf.9b612ec4e6e277bf4451a5155b1fc7f3.jpg,train/images/-17_png.rf.9b612ec4e6e277bf4451a5155b1fc7f3.jpg,1,중
C:\YANUS\lumos\train\images\-17_png.rf.b67c0261820006b27b9113b4f9ba1cc8.jpg,train/images/-17_png.rf.b67c0261820006b27b9113b4f9ba1cc8.jpg,0,소
C:\YANUS\lumos\train\images\-17_png.rf.bbc1e7ddd873bae0f2b363f83f84c541.jpg,train/images/-17_png.rf.bbc1e7ddd873bae0f2b363f83f84c541.jpg,2,대
C:\YANUS\lumos\train\images\-17_png.rf.bca2310369cb39d1a8fea7830fb28dd7.jpg,train/images/-17_png.rf.bca2310369cb39d1a8fea7830fb28dd7.jpg,2,대
C:\YANUS\lumos\train\images\-17_png.rf.ce7764ca96a7a9344c32c1360cd6fe07.jpg,train/images/-17_png.rf.ce7764ca96a7a9344c32c1360cd6fe07.jpg,2,대
C:\YANUS\lumos\train\images\-17_png.rf.f435bc832f78c23aa6460e642adb8b62.jpg,train/images/-17_png.rf.f435bc832f78c23aa6460e642adb8b62.jpg,2,대
C:\YANUS\lumos\train\images\-17_png.rf.fa17abf75375ecad2cb01afe20007ad7.jpg,train/images/-17_png.rf.fa17abf75375ecad2cb01afe20007ad7.jpg,2,대
C:\YANUS\lumos\train\images\-17_png.rf.fac4cd0e73e5e5bf986469014608c76f.jpg,train/images/-17_png.rf.fac4cd0e73e5e5bf986469014608c76f.jpg,2,대
C:\YANUS\lumos\train\images\-18_png.rf.3081e6596ba3e9653c8db52281e67012.jpg,train/images/-18_png.rf.3081e6596ba3e9653c8db52281e67012.jpg,2,대
C:\YANUS\lumos\train\images\-18_png.rf.35a3e1af0670a9fd49a91801f4b679b6.jpg,train/images/-18_png.rf.35a3e1af0670a9fd49a91801f4b679b6.jpg,1,중
C:\YANUS\lumos\train\images\-18_png.rf.57c4673de4f81b27924512b3829945c7.jpg,train/images/-18_png.rf.57c4673de4f81b27924512b3829945c7.jpg,2,대
C:\YANUS\lumos\train\images\-18_png.rf.5d9e71c185b9c3d81ec4ff2ee303f0dc.jpg,train/images/-18_png.rf.5d9e71c185b9c3d81ec4ff2ee303f0dc.jpg,2,대
C:\YANUS\lumos\train\images\-18_png.rf.60f424e797594cd6dfdfbe5cf2cffe9f.jpg,train/images/-18_png.rf.60f424e797594cd6dfdfbe5cf2cffe9f.jpg,0,소
C:\YANUS\lumos\train\images\-18_png.rf.625d40098ce7dce9accaafeb1bddc5a5.jpg,train/images/-18_png.rf.625d40098ce7dce9accaafeb1bddc5a5.jpg,0,소
C:\YANUS\lumos\train\images\-18_png.rf.65a4e8d3968d2a861efc3eec4207115d.jpg,train/images/-18_png.rf.65a4e8d3968d2a861efc3eec4207115d.jpg,1,중
C:\YANUS\lumos\train\images\-18_png.rf.7f50fc762399e48ce2a22266c7fe1297.jpg,train/images/-18_png.rf.7f50fc762399e48ce2a22266c7fe1297.jpg,2,대
C:\YANUS\lumos\train\images\-18_png.rf.9c9473dbca94653ee85d71df334f6c31.jpg,train/images/-18_png.rf.9c9473dbca94653ee85d71df334f6c31.jpg,2,대
C:\YANUS\lumos\train\images\-18_png.rf.a15afcb2b81dfb39155cdb8d62f34d45.jpg,train/images/-18_png.rf.a15afcb2b81dfb39155cdb8d62f34d45.jpg,1,중
C:\YANUS\lumos\train\images\-18_png.rf.b38e0a1b356f2494409e32732cdc898d.jpg,train/images/-18_png.rf.b38e0a1b356f2494409e32732cdc898d.jpg,0,소
C:\YANUS\lumos\train\images\-18_png.rf.cd4f295a8da74bbad38fe81b751837ff.jpg,train/images/-18_png.rf.cd4f295a8da74bbad38fe81b751837ff.jpg,2,대
C:\YANUS\lumos\train\images\-18_png.rf.da06e4e3ac9e07e4cae8a533773c3ec0.jpg,train/images/-18_png.rf.da06e4e3ac9e07e4cae8a533773c3ec0.jpg,2,대
C:\YANUS\lumos\train\images\-18_png.rf.e241a324a34907265198f188dd7811e0.jpg,train/images/-18_png.rf.e241a324a34907265198f188dd7811e0.jpg,0,소
C:\YANUS\lumos\train\images\-18_png.rf.e4b24fd765990a9dbd65970b4a5e971b.jpg,train/images/-18_png.rf.e4b24fd765990a9dbd65970b4a5e971b.jpg,1,중
C:\YANUS\lumos\train\images\-18_png.rf.fa65337f0dcfd70d6b7e509e71cb8b0b.jpg,train/images/-18_png.rf.fa65337f0dcfd70d6b7e509e71cb8b0b.jpg,2,대
C:\YANUS\lumos\train\images\-19-4_png.rf.6a1c2151b5736ac0c4a2da317b7c2c52.jpg,train/images/-19-4_png.rf.6a1c2151b5736ac0c4a2da317b7c2c52.jpg,2,대
C:\YANUS\lumos\train\images\-19-5_png.rf.5b3e9ed4da886494f4b4c12666f135a6.jpg,train/images/-19-5_png.rf.5b3e9ed4da886494f4b4c12666f135a6.jpg,2,대
C:\YANUS\lumos\train\images\-19_png.rf.2e6adcdf0752405c76586ab14a86f1be.jpg,train/images/-19_png.rf.2e6adcdf0752405c76586ab14a86f1be.jpg,1,중
C:\YANUS\lumos\train\images\-19_png.rf.3bef9078fc05cca0cc4a8cac7a4539a2.jpg,train/images/-19_png.rf.3bef9078fc05cca0cc4a8cac7a4539a2.jpg,2,대
C:\YANUS\lumos\train\images\-19_png.rf.3e46a1485a9fe5c85e1e427a5f9068d8.jpg,train/images/-19_png.rf.3e46a1485a9fe5c85e1e427a5f9068d8.jpg,2,대
C:\YANUS\lumos\train\images\-19_png.rf.437ab689ef21bb597850f22c8d089589.jpg,train/images/-19_png.rf.437ab689ef21bb597850f22c8d089589.jpg,2,대
C:\YANUS\lumos\train\images\-19_png.rf.484d0c80f54a445aca16ef2529c929d8.jpg,train/images/-19_png.rf.484d0c80f54a445aca16ef2529c929d8.jpg,2,대
C:\YANUS\lumos\train\images\-19_png.rf.511a3f4e207fd85d1735bfdaf0311071.jpg,train/images/-19_png.rf.511a3f4e207fd85d1735bfdaf0311071.jpg,1,중
C:\YANUS\lumos\train\images\-19_png.rf.79838803480e86a21816f2d63612ff82.jpg,train/images/-19_png.rf.79838803480e86a21816f2d63612ff82.jpg,2,대
C:\YANUS\lumos\train\images\-19_png.rf.7aa861ca894bc168469870caea59d1ce.jpg,train/images/-19_png.rf.7aa861ca894bc168469870caea59d1ce.jpg,2,대
C:\YANUS\lumos\train\images\-19_png.rf.8852261bc46a2c316b37e6a939d96e19.jpg,train/images/-19_png.rf.8852261bc46a2c316b37e6a939d96e19.jpg,2,대
C:\YANUS\lumos\train\images\-19_png.rf.9d9e009eac8a49599b84779db5f86a42.jpg,train/images/-19_png.rf.9d9e009eac8a49599b84779db5f86a42.jpg,2,대
C:\YANUS\lumos\train\images\-19_png.rf.e1d7125649014308907ea772897e5c7c.jpg,train/images/-19_png.rf.e1d7125649014308907ea772897e5c7c.jpg,1,중
C:\YANUS\lumos\train\images\-19_png.rf.ea4d1b3129adfa8fe614cf229d465691.jpg,train/images/-19_png.rf.ea4d1b3129adfa8fe614cf229d465691.jpg,2,대
C:\YANUS\lumos\train\images\-1_3_png.rf.146d03712bbf54f992b07c77fe3f358e.jpg,train/images/-1_3_png.rf.146d03712bbf54f992b07c77fe3f358e.jpg,2,대
C:\YANUS\lumos\train\images\-1_4_png.rf.4767d73f39a825fe19a75fa8dfbb25eb.jpg,train/images/-1_4_png.rf.4767d73f39a825fe19a75fa8dfbb25eb.jpg,2,대
C:\YANUS\lumos\train\images\-1_png.rf.04122b3c11a3af818967868166a58c68.jpg,train/images/-1_png.rf.04122b3c11a3af818967868166a58c68.jpg,2,대
C:\YANUS\lumos\train\images\-1_png.rf.054a1c4a6ec43bd331f126a92ca89867.jpg,train/images/-1_png.rf.054a1c4a6ec43bd331f126a92ca89867.jpg,2,대
C:\YANUS\lumos\train\images\-1_png.rf.0830c9247c9274195822aa48f4811d4b.jpg,train/images/-1_png.rf.0830c9247c9274195822aa48f4811d4b.jpg,2,대
C:\YANUS\lumos\train\images\-1_png.rf.0c53035a71e9b54b3d1911cfaffe8122.jpg,train/images/-1_png.rf.0c53035a71e9b54b3d1911cfaffe8122.jpg,2,대
C:\YANUS\lumos\train\images\-1_png.rf.0cc40e72af078ed1559c8dff468c0d57.jpg,train/images/-1_png.rf.0cc40e72af078ed1559c8dff468c0d57.jpg,2,대
C:\YANUS\lumos\train\images\-1_png.rf.0f411609866deebb54e8c442b4098e66.jpg,train/images/-1_png.rf.0f411609866deebb54e8c442b4098e66.jpg,2,대
C:\YANUS\lumos\train\images\-1_png.rf.0f69efb065160c90437714bdce164202.jpg,train/images/-1_png.rf.0f69efb065160c90437714bdce164202.jpg,2,대
C:\YANUS\lumos\train\images\-1_png.rf.2346b084a5d01e17f259498759849b17.jpg,train/images/-1_png.rf.2346b084a5d01e17f259498759849b17.jpg,2,대
C:\YANUS\lumos\train\images\-1_png.rf.38299cdcf200a26f426c88d19b67cc09.jpg,train/images/-1_png.rf.38299cdcf200a26f426c88d19b67cc09.jpg,2,대
C:\YANUS\lumos\train\images\-1_png.rf.38f2de36f1bcc37eda363f630cc1e1aa.jpg,train/images/-1_png.rf.38f2de36f1bcc37eda363f630cc1e1aa.jpg,2,대
C:\YANUS\lumos\train\images\-1_png.rf.407e25c9fa5921fdaedb4cbe48bb3402.jpg,train/images/-1_png.rf.407e25c9fa5921fdaedb4cbe48bb3402.jpg,1,중
C:\YANUS\lumos\train\images\-1_png.rf.4e62ac0cfa92b8f70d9019ec635670c8.jpg,train/images/-1_png.rf.4e62ac0cfa92b8f70d9019ec635670c8.jpg,2,대
C:\YANUS\lumos\train\images\-1_png.rf.508432feb5dac54e647873a2534430ef.jpg,train/images/-1_png.rf.508432feb5dac54e647873a2534430ef.jpg,2,대
C:\YANUS\lumos\train\images\-1_png.rf.569645b8cdbd3a587d58c88a2ad8a58c.jpg,train/images/-1_png.rf.569645b8cdbd3a587d58c88a2ad8a58c.jpg,2,대
C:\YANUS\lumos\train\images\-1_png.rf.5a60d9dde3a688bce112d3fccbe9c7a0.jpg,train/images/-1_png.rf.5a60d9dde3a688bce112d3fccbe9c7a0.jpg,2,대
C:\YANUS\lumos\train\images\-1_png.rf.6a61a52075cd5e46687f506af7114812.jpg,train/images/-1_png.rf.6a61a52075cd5e46687f506af7114812.jpg,0,소
C:\YANUS\lumos\train\images\-1_png.rf.6d78e2afb71e56e1450341ac49edd682.jpg,train/images/-1_png.rf.6d78e2afb71e56e1450341ac49edd682.jpg,1,중
C:\YANUS\lumos\train\images\-1_png.rf.7bd4ccd6fdf17c08dd415db5c9489678.jpg,train/images/-1_png.rf.7bd4ccd6fdf17c08dd415db5c9489678.jpg,2,대
C:\YANUS\lumos\train\images\-1_png.rf.9dd5e37511facd4954fd4031498072c4.jpg,train/images/-1_png.rf.9dd5e37511facd4954fd4031498072c4.jpg,2,대
C:\YANUS\lumos\train\images\-1_png.rf.a60cd5edece1a206fa3916d8fbd9b627.jpg,train/images/-1_png.rf.a60cd5edece1a206fa3916d8fbd9b627.jpg,2,대
C:\YANUS\lumos\train\images\-1_png.rf.aab3fa9c2857e353d426908662ddd0f4.jpg,train/images/-1_png.rf.aab3fa9c2857e353d426908662ddd0f4.jpg,2,대
C:\YANUS\lumos\train\images\-1_png.rf.b628b0cb724c3524f24f151f4519ce56.jpg,train/images/-1_png.rf.b628b0cb724c3524f24f151f4519ce56.jpg,2,대
C:\YANUS\lumos\train\images\-1_png.rf.cdebfffa64eed0f709830dbfd2ed1c5a.jpg,train/images/-1_png.rf.cdebfffa64eed0f709830dbfd2ed1c5a.jpg,2,대
C:\YANUS\lumos\train\images\-1_png.rf.daa67c2801ea6cb09d779e07acab9c52.jpg,train/images/-1_png.rf.daa67c2801ea6cb09d779e07acab9c52.jpg,2,대
C:\YANUS\lumos\train\images\-2025-09-06-174106_png.rf.dd64b3e1aca4b83fb33b14f85805f8c6.jpg,train/images/-2025-09-06-174106_png.rf.dd64b3e1aca4b83fb33b14f85805f8c6.jpg,0,소
C:\YANUS\lumos\train\images\-2025-09-06-174243_png.rf.f9e7606b51d81b91c304a4b4555aa41a.jpg,train/images/-2025-09-06-174243_png.rf.f9e7606b51d81b91c304a4b4555aa41a.jpg,0,소
C:\YANUS\lumos\train\images\-2025-09-06-174637_png.rf.cf0cf4fdc4ef51e6aa302f3207682be1.jpg,train/images/-2025-09-06-174637_png.rf.cf0cf4fdc4ef51e6aa302f3207682be1.jpg,0,소
C:\YANUS\lumos\train\images\-2025-09-06-175257_png.rf.5c169d4a614871a7521a26b3f02ec7ff.jpg,train/images/-2025-09-06-175257_png.rf.5c169d4a614871a7521a26b3f02ec7ff.jpg,2,대
C:\YANUS\lumos\train\images\-2025-09-06-175508_png.rf.bc41e90f4bb1f44ab2ff09dd97df9590.jpg,train/images/-2025-09-06-175508_png.rf.bc41e90f4bb1f44ab2ff09dd97df9590.jpg,2,대
C:\YANUS\lumos\train\images\-2025-09-06-175851_png.rf.8aff5e737e4ac1b382b64e60b988d7f2.jpg,train/images/-2025-09-06-175851_png.rf.8aff5e737e4ac1b382b64e60b988d7f2.jpg,2,대
C:\YANUS\lumos\train\images\-2025-09-06-180257_png.rf.d86f68c08d2e7190ee76ca466983933c.jpg,train/images/-2025-09-06-180257_png.rf.d86f68c08d2e7190ee76ca466983933c.jpg,2,대
C:\YANUS\lumos\train\images\-2025-09-06-180453_png.rf.06dd59767c551077056f7db371224e17.jpg,train/images/-2025-09-06-180453_png.rf.06dd59767c551077056f7db371224e17.jpg,2,대
C:\YANUS\lumos\train\images\-2025-09-06-180707_png.rf.1309e54357abb8af4c98628bde4651bf.jpg,train/images/-2025-09-06-180707_png.rf.1309e54357abb8af4c98628bde4651bf.jpg,0,소
C:\YANUS\lumos\train\images\-2025-09-06-180825_png.rf.8c46d6666569b51d7622c4d6d557ed73.jpg,train/images/-2025-09-06-180825_png.rf.8c46d6666569b51d7622c4d6d557ed73.jpg,2,대
C:\YANUS\lumos\train\images\-2025-09-06-180959_png.rf.f2ee4256bfca4e73dc92e6e701701a54.jpg,train/images/-2025-09-06-180959_png.rf.f2ee4256bfca4e73dc92e6e701701a54.jpg,0,소
C:\YANUS\lumos\train\images\-2025-09-06-181105_png.rf.cb370debce9d79b0ebe8c876bdfc6a7f.jpg,train/images/-2025-09-06-181105_png.rf.cb370debce9d79b0ebe8c876bdfc6a7f.jpg,0,소
C:\YANUS\lumos\train\images\-2025-09-06-181210_png.rf.7a317621f832efc28fa393a5b0871ded.jpg,train/images/-2025-09-06-181210_png.rf.7a317621f832efc28fa393a5b0871ded.jpg,0,소
C:\YANUS\lumos\train\images\-2025-09-06-181313_png.rf.e4317af3020a7d921eb35f062dc586c5.jpg,train/images/-2025-09-06-181313_png.rf.e4317af3020a7d921eb35f062dc586c5.jpg,0,소
C:\YANUS\lumos\train\images\-2025-09-06-181554_png.rf.c913c5d6ed800bc60532d21cc24f4b19.jpg,train/images/-2025-09-06-181554_png.rf.c913c5d6ed800bc60532d21cc24f4b19.jpg,0,소
C:\YANUS\lumos\train\images\-2025-09-06-181635_png.rf.3a817657ee43ba139f3b91f52d42bf00.jpg,train/images/-2025-09-06-181635_png.rf.3a817657ee43ba139f3b91f52d42bf00.jpg,0,소
C:\YANUS\lumos\train\images\-2025-09-06-183715_png.rf.4484203fcaa7a5c82c55490ed17f2977.jpg,train/images/-2025-09-06-183715_png.rf.4484203fcaa7a5c82c55490ed17f2977.jpg,0,소
C:\YANUS\lumos\train\images\-2025-09-06-183923_png.rf.607abf4ef07917f075b06a2db62f092a.jpg,train/images/-2025-09-06-183923_png.rf.607abf4ef07917f075b06a2db62f092a.jpg,0,소
C:\YANUS\lumos\train\images\-2025-09-06-184113_png.rf.e56c8851351de4e9f0d196ddb48b1770.jpg,train/images/-2025-09-06-184113_png.rf.e56c8851351de4e9f0d196ddb48b1770.jpg,1,중
C:\YANUS\lumos\train\images\-2025-09-08-113321_png.rf.833ed8893eedc3a6b50d5a93d63bc373.jpg,train/images/-2025-09-08-113321_png.rf.833ed8893eedc3a6b50d5a93d63bc373.jpg,0,소
C:\YANUS\lumos\train\images\-2025-09-09-155921_png.rf.c513b47b21c9dc7a3c268b9e3d66046e.jpg,train/images/-2025-09-09-155921_png.rf.c513b47b21c9dc7a3c268b9e3d66046e.jpg,2,대
C:\YANUS\lumos\train\images\-2025-09-09-160018_png.rf.ce32754f608269b8eeff4382a57db94a.jpg,train/images/-2025-09-09-160018_png.rf.ce32754f608269b8eeff4382a57db94a.jpg,2,대
C:\YANUS\lumos\train\images\-2025-09-09-160026_png.rf.ed36757f263b78d36e47e8687b890cdb.jpg,train/images/-2025-09-09-160026_png.rf.ed36757f263b78d36e47e8687b890cdb.jpg,0,소
C:\YANUS\lumos\train\images\-2025-09-09-160105_png.rf.8e78f7e920b6de42fe1e61db82f10abe.jpg,train/images/-2025-09-09-160105_png.rf.8e78f7e920b6de42fe1e61db82f10abe.jpg,1,중
C:\YANUS\lumos\train\images\-2025-09-11-105019_png.rf.79a49166ba632807bf4461491bfd1f01.jpg,train/images/-2025-09-11-105019_png.rf.79a49166ba632807bf4461491bfd1f01.jpg,1,중
C:\YANUS\lumos\train\images\-2025-09-11-105036_png.rf.8043fbf31ece9c2da3d043085ed9184f.jpg,train/images/-2025-09-11-105036_png.rf.8043fbf31ece9c2da3d043085ed9184f.jpg,2,대
C:\YANUS\lumos\train\images\-2025-09-11-114711_png.rf.cbb243aa8620eea175ea0150cd54f167.jpg,train/images/-2025-09-11-114711_png.rf.cbb243aa8620eea175ea0150cd54f167.jpg,1,중
C:\YANUS\lumos\train\images\-2025-09-11-114717_png.rf.65ff798915f11a65ae6df5ad5cc60afa.jpg,train/images/-2025-09-11-114717_png.rf.65ff798915f11a65ae6df5ad5cc60afa.jpg,0,소
C:\YANUS\lumos\train\images\-2025-09-11-115305_png.rf.b894e400237b058493249056fb631b42.jpg,train/images/-2025-09-11-115305_png.rf.b894e400237b058493249056fb631b42.jpg,2,대
C:\YANUS\lumos\train\images\-2025-09-11-172256_png.rf.b042b0c0ed931b57c0d1d94eb6dace63.jpg,train/images/-2025-09-11-172256_png.rf.b042b0c0ed931b57c0d1d94eb6dace63.jpg,2,대
C:\YANUS\lumos\train\images\-2025-09-11-172335_png.rf.dfc424dfc9c51fe50771d2a77644cd5f.jpg,train/images/-2025-09-11-172335_png.rf.dfc424dfc9c51fe50771d2a77644cd5f.jpg,2,대
C:\YANUS\lumos\train\images\-2025-09-11-172740_png.rf.203b57d403de83ca17167d168ada20ac.jpg,train/images/-2025-09-11-172740_png.rf.203b57d403de83ca17167d168ada20ac.jpg,2,대
C:\YANUS\lumos\train\images\-2025-09-11-172844_png.rf.49dc50e0c95af86ddbeb0627ff244df8.jpg,train/images/-2025-09-11-172844_png.rf.49dc50e0c95af86ddbeb0627ff244df8.jpg,2,대
C:\YANUS\lumos\train\images\-2025-09-11-173329_png.rf.497092fe35d940d9f2c9d167b1a89d26.jpg,train/images/-2025-09-11-173329_png.rf.497092fe35d940d9f2c9d167b1a89d26.jpg,1,중
C:\YANUS\lumos\train\images\-2025-09-11-173424_png.rf.e8571e25519bed14b079a0e725beebe1.jpg,train/images/-2025-09-11-173424_png.rf.e8571e25519bed14b079a0e725beebe1.jpg,2,대
C:\YANUS\lumos\train\images\-2025-09-11-173553_png.rf.9356dcb33d1bdc87b8782886253e6bc6.jpg,train/images/-2025-09-11-173553_png.rf.9356dcb33d1bdc87b8782886253e6bc6.jpg,2,대
C:\YANUS\lumos\train\images\-2025-09-11-173839_png.rf.7ab4b73f4e1ee4a0637bbf49689d44f6.jpg,train/images/-2025-09-11-173839_png.rf.7ab4b73f4e1ee4a0637bbf49689d44f6.jpg,2,대
C:\YANUS\lumos\train\images\-2025-09-11-173857_png.rf.ea8f0ddec10d967d699ea1a03eac8687.jpg,train/images/-2025-09-11-173857_png.rf.ea8f0ddec10d967d699ea1a03eac8687.jpg,2,대
C:\YANUS\lumos\train\images\-2025-09-11-173921_png.rf.a63acfe655aa2cdf7b37f6b09e6bd3d6.jpg,train/images/-2025-09-11-173921_png.rf.a63acfe655aa2cdf7b37f6b09e6bd3d6.jpg,2,대
C:\YANUS\lumos\train\images\-2025-09-11-174031_png.rf.4d8d122296961af7e83196cb756bdfa4.jpg,train/images/-2025-09-11-174031_png.rf.4d8d122296961af7e83196cb756bdfa4.jpg,2,대
C:\YANUS\lumos\train\images\-2025-09-11-174059_png.rf.51e104736d555750baabd8c4e81b6652.jpg,train/images/-2025-09-11-174059_png.rf.51e104736d555750baabd8c4e81b6652.jpg,0,소
C:\YANUS\lumos\train\images\-2025-09-11-174558_png.rf.8b20957cb4480e84dfeec08caec95bee.jpg,train/images/-2025-09-11-174558_png.rf.8b20957cb4480e84dfeec08caec95bee.jpg,2,대
C:\YANUS\lumos\train\images\-2025-09-11-174801_png.rf.11fc9e4f81ded9e094949c4b3e02f4b2.jpg,train/images/-2025-09-11-174801_png.rf.11fc9e4f81ded9e094949c4b3e02f4b2.jpg,2,대
C:\YANUS\lumos\train\images\-2025-09-11-180343_png.rf.bf71b8c59f4a431cf50aef2784f68689.jpg,train/images/-2025-09-11-180343_png.rf.bf71b8c59f4a431cf50aef2784f68689.jpg,2,대
C:\YANUS\lumos\train\images\-2025-09-12-150933_png.rf.f1237bb810b3be36e84ecbd27a2a5643.jpg,train/images/-2025-09-12-150933_png.rf.f1237bb810b3be36e84ecbd27a2a5643.jpg,2,대
C:\YANUS\lumos\train\images\-2025-09-12-151016_png.rf.a782d1073bd409eb882ecc9b21174b80.jpg,train/images/-2025-09-12-151016_png.rf.a782d1073bd409eb882ecc9b21174b80.jpg,2,대
C:\YANUS\lumos\train\images\-2025-09-12-151049_png.rf.5d37851507b64fdb5c1f284e4d432385.jpg,train/images/-2025-09-12-151049_png.rf.5d37851507b64fdb5c1f284e4d432385.jpg,2,대
C:\YANUS\lumos\train\images\-2025-09-12-151145_png.rf.afa7f63a03841ee8fab34f9d98b54560.jpg,train/images/-2025-09-12-151145_png.rf.afa7f63a03841ee8fab34f9d98b54560.jpg,2,대
C:\YANUS\lumos\train\images\-2025-09-12-151510_png.rf.e0ba52f84a7f5e3a9aa5f7772366bfea.jpg,train/images/-2025-09-12-151510_png.rf.e0ba52f84a7f5e3a9aa5f7772366bfea.jpg,2,대
C:\YANUS\lumos\train\images\-2025-09-12-151628_png.rf.bf292390cc8e6b0474dce562734fe5a0.jpg,train/images/-2025-09-12-151628_png.rf.bf292390cc8e6b0474dce562734fe5a0.jpg,2,대
C:\YANUS\lumos\train\images\-2025-09-12-151836_png.rf.348c8912b9ffd00a4616807858c21777.jpg,train/images/-2025-09-12-151836_png.rf.348c8912b9ffd00a4616807858c21777.jpg,0,소
C:\YANUS\lumos\train\images\-2025-09-12-151917_png.rf.5e8f141b228eae1aa5e410efa39356a5.jpg,train/images/-2025-09-12-151917_png.rf.5e8f141b228eae1aa5e410efa39356a5.jpg,2,대
C:\YANUS\lumos\train\images\-2025-09-12-152049_png.rf.a498d1bd11dd99cb09baa07cfe732518.jpg,train/images/-2025-09-12-152049_png.rf.a498d1bd11dd99cb09baa07cfe732518.jpg,2,대
C:\YANUS\lumos\train\images\-2025-09-12-152159_png.rf.203cdd8fbffd3345ca6a0a0c646b2dd7.jpg,train/images/-2025-09-12-152159_png.rf.203cdd8fbffd3345ca6a0a0c646b2dd7.jpg,1,중
C:\YANUS\lumos\train\images\-2025-09-12-152206_png.rf.561c073644bf50efd17c41a3e6bae751.jpg,train/images/-2025-09-12-152206_png.rf.561c073644bf50efd17c41a3e6bae751.jpg,0,소
C:\YANUS\lumos\train\images\-2025-09-12-152354_png.rf.2f949c516a8c014646fe6f690d37704e.jpg,train/images/-2025-09-12-152354_png.rf.2f949c516a8c014646fe6f690d37704e.jpg,2,대
C:\YANUS\lumos\train\images\-2025-09-12-152402_png.rf.4ea9707054e3d3ea22cd7d3728f6eea9.jpg,train/images/-2025-09-12-152402_png.rf.4ea9707054e3d3ea22cd7d3728f6eea9.jpg,1,중
C:\YANUS\lumos\train\images\-2025-09-12-152619_png.rf.6b7dc7c64de4d6423e3838d31bbc78ef.jpg,train/images/-2025-09-12-152619_png.rf.6b7dc7c64de4d6423e3838d31bbc78ef.jpg,2,대
C:\YANUS\lumos\train\images\-2025-09-12-152640_png.rf.ac73c98470f87f48207284d5f25fd5e8.jpg,train/images/-2025-09-12-152640_png.rf.ac73c98470f87f48207284d5f25fd5e8.jpg,2,대
C:\YANUS\lumos\train\images\-2025-09-12-152719_png.rf.90b9f7866a40b143f3031fe27442772b.jpg,train/images/-2025-09-12-152719_png.rf.90b9f7866a40b143f3031fe27442772b.jpg,2,대
C:\YANUS\lumos\train\images\-2025-09-12-152849_png.rf.8da2a9484949d44343e18c37650754a8.jpg,train/images/-2025-09-12-152849_png.rf.8da2a9484949d44343e18c37650754a8.jpg,2,대
C:\YANUS\lumos\train\images\-2025-09-12-152944_png.rf.dee5c052216332f1eb952d90965f9487.jpg,train/images/-2025-09-12-152944_png.rf.dee5c052216332f1eb952d90965f9487.jpg,2,대
C:\YANUS\lumos\train\images\-2025-09-12-152956_png.rf.5554e8d03736b9202a9c437f9ea62314.jpg,train/images/-2025-09-12-152956_png.rf.5554e8d03736b9202a9c437f9ea62314.jpg,0,소
C:\YANUS\lumos\train\images\-2025-09-12-153045_png.rf.2983dadb76cc81ad85d74cd9e7e29cc6.jpg,train/images/-2025-09-12-153045_png.rf.2983dadb76cc81ad85d74cd9e7e29cc6.jpg,2,대
C:\YANUS\lumos\train\images\-2025-09-12-153156_png.rf.55dc04ce9300edcbd853c20adb2e979f.jpg,train/images/-2025-09-12-153156_png.rf.55dc04ce9300edcbd853c20adb2e979f.jpg,1,중
C:\YANUS\lumos\train\images\-2025-09-12-153252_png.rf.4bf92f1b3e5be2eac049a514d7b456bd.jpg,train/images/-2025-09-12-153252_png.rf.4bf92f1b3e5be2eac049a514d7b456bd.jpg,2,대
C:\YANUS\lumos\train\images\-2025-09-12-153338_png.rf.c92cb1bce2a7faa627d01d6fc6f19ba1.jpg,train/images/-2025-09-12-153338_png.rf.c92cb1bce2a7faa627d01d6fc6f19ba1.jpg,0,소
C:\YANUS\lumos\train\images\-2025-09-12-154428_png.rf.2ab7fca6c3a42bc5e7ea51c1a312ab68.jpg,train/images/-2025-09-12-154428_png.rf.2ab7fca6c3a42bc5e7ea51c1a312ab68.jpg,2,대
C:\YANUS\lumos\train\images\-2025-09-12-154539_png.rf.aea67a803079c99fc9efa90e1c63f8ea.jpg,train/images/-2025-09-12-154539_png.rf.aea67a803079c99fc9efa90e1c63f8ea.jpg,2,대
C:\YANUS\lumos\train\images\-2025-09-12-154653_png.rf.7df9dcd8ddfeed51b3827e265215f50f.jpg,train/images/-2025-09-12-154653_png.rf.7df9dcd8ddfeed51b3827e265215f50f.jpg,2,대
C:\YANUS\lumos\train\images\-2025-09-12-154932_png.rf.67a754b81c483e3487709ecf185f7376.jpg,train/images/-2025-09-12-154932_png.rf.67a754b81c483e3487709ecf185f7376.jpg,2,대
C:\YANUS\lumos\train\images\-2025-09-12-155035_png.rf.b15bd0e6409a7f427a21cdc595c8faed.jpg,train/images/-2025-09-12-155035_png.rf.b15bd0e6409a7f427a21cdc595c8faed.jpg,2,대
C:\YANUS\lumos\train\images\-2025-09-12-155139_png.rf.848e5d942e5ea6f5f794a09fd39afccc.jpg,train/images/-2025-09-12-155139_png.rf.848e5d942e5ea6f5f794a09fd39afccc.jpg,2,대
C:\YANUS\lumos\train\images\-2025-09-12-155245_png.rf.622d7c3b60ae9fe9e4b3e154752e344b.jpg,train/images/-2025-09-12-155245_png.rf.622d7c3b60ae9fe9e4b3e154752e344b.jpg,0,소
C:\YANUS\lumos\train\images\-2025-09-12-155621_png.rf.48f18bed91ede245c1645998a199bdc7.jpg,train/images/-2025-09-12-155621_png.rf.48f18bed91ede245c1645998a199bdc7.jpg,2,대
C:\YANUS\lumos\train\images\-2025-09-12-155814_png.rf.ec1cac38d8d05cecd049c279ac31ca27.jpg,train/images/-2025-09-12-155814_png.rf.ec1cac38d8d05cecd049c279ac31ca27.jpg,1,중
C:\YANUS\lumos\train\images\-2025-09-12-160018_png.rf.a01fcac9d8cb7401d93bd82bd1ba69e1.jpg,train/images/-2025-09-12-160018_png.rf.a01fcac9d8cb7401d93bd82bd1ba69e1.jpg,2,대
C:\YANUS\lumos\train\images\-2025-09-12-160034_png.rf.14b0a6bb8f35b4d2a556b8b180f2d62f.jpg,train/images/-2025-09-12-160034_png.rf.14b0a6bb8f35b4d2a556b8b180f2d62f.jpg,2,대
C:\YANUS\lumos\train\images\-2025-09-12-160153_png.rf.8c77be3f97073e8a28f5bf510f3a36c1.jpg,train/images/-2025-09-12-160153_png.rf.8c77be3f97073e8a28f5bf510f3a36c1.jpg,0,소
C:\YANUS\lumos\train\images\-2025-09-12-160238_png.rf.37f9c78d87ab4a4c0523302441d1a82f.jpg,train/images/-2025-09-12-160238_png.rf.37f9c78d87ab4a4c0523302441d1a82f.jpg,2,대
C:\YANUS\lumos\train\images\-2025-09-12-160507_png.rf.17986d3e30438590eaf626c978b67fb7.jpg,train/images/-2025-09-12-160507_png.rf.17986d3e30438590eaf626c978b67fb7.jpg,2,대
C:\YANUS\lumos\train\images\-2025-09-12-160657_png.rf.6bf593d1e7317fa783d968e7e63bcd86.jpg,train/images/-2025-09-12-160657_png.rf.6bf593d1e7317fa783d968e7e63bcd86.jpg,0,소
C:\YANUS\lumos\train\images\-2025-09-12-160742_png.rf.ff2c7ab8e10f783ebbec2727cd3c22db.jpg,train/images/-2025-09-12-160742_png.rf.ff2c7ab8e10f783ebbec2727cd3c22db.jpg,1,중
C:\YANUS\lumos\train\images\-2025-09-12-163501_png.rf.89dcd0e493ce7606fa7a314ab3a2ae04.jpg,train/images/-2025-09-12-163501_png.rf.89dcd0e493ce7606fa7a314ab3a2ae04.jpg,2,대
C:\YANUS\lumos\train\images\-2025-09-12-163821_png.rf.a2cc331c5bf588698f796e7b5dfea5b0.jpg,train/images/-2025-09-12-163821_png.rf.a2cc331c5bf588698f796e7b5dfea5b0.jpg,2,대
C:\YANUS\lumos\train\images\-2025-09-12-163844_png.rf.a2d8bc4f29af3267123b4395a95c9920.jpg,train/images/-2025-09-12-163844_png.rf.a2d8bc4f29af3267123b4395a95c9920.jpg,2,대
C:\YANUS\lumos\train\images\-2025-09-12-164032_png.rf.c0622c16d83292787526291031cfcdf0.jpg,train/images/-2025-09-12-164032_png.rf.c0622c16d83292787526291031cfcdf0.jpg,2,대
C:\YANUS\lumos\train\images\-2025-09-12-164312_png.rf.eddf3ef15e056c8c55e57b90f336d306.jpg,train/images/-2025-09-12-164312_png.rf.eddf3ef15e056c8c55e57b90f336d306.jpg,2,대
C:\YANUS\lumos\train\images\-2025-09-12-164928_png.rf.041a7582f9d78efe231be50852c5ef3d.jpg,train/images/-2025-09-12-164928_png.rf.041a7582f9d78efe231be50852c5ef3d.jpg,2,대
C:\YANUS\lumos\train\images\-2025-09-12-164942_png.rf.8d77670c84678a11c0c0819fb893e310.jpg,train/images/-2025-09-12-164942_png.rf.8d77670c84678a11c0c0819fb893e310.jpg,1,중
C:\YANUS\lumos\train\images\-2025-09-12-164957_png.rf.1b1d8b48cf28d58c443761bde6d3a03a.jpg,train/images/-2025-09-12-164957_png.rf.1b1d8b48cf28d58c443761bde6d3a03a.jpg,1,중
C:\YANUS\lumos\train\images\-2025-09-12-165008_png.rf.0ea8b46260dd07348359bd21d9a2df78.jpg,train/images/-2025-09-12-165008_png.rf.0ea8b46260dd07348359bd21d9a2df78.jpg,2,대
C:\YANUS\lumos\train\images\-2025-09-12-165117_png.rf.a5816a6f8e007735c36f45f9f93e6038.jpg,train/images/-2025-09-12-165117_png.rf.a5816a6f8e007735c36f45f9f93e6038.jpg,2,대
C:\YANUS\lumos\train\images\-2025-09-12-165209_png.rf.14ca91b83f9ce94b551682df0fefcc17.jpg,train/images/-2025-09-12-165209_png.rf.14ca91b83f9ce94b551682df0fefcc17.jpg,2,대
C:\YANUS\lumos\train\images\-2025-09-12-165341_png.rf.fcac3b0669f0c18c48c372c319025519.jpg,train/images/-2025-09-12-165341_png.rf.fcac3b0669f0c18c48c372c319025519.jpg,2,대
C:\YANUS\lumos\train\images\-2025-09-12-165619_png.rf.f8f355df6f15ad9b4b14af0cf1ac9fa3.jpg,train/images/-2025-09-12-165619_png.rf.f8f355df6f15ad9b4b14af0cf1ac9fa3.jpg,2,대
C:\YANUS\lumos\train\images\-2025-09-12-165636_png.rf.560f2e74de584e95cca144ff9d03994e.jpg,train/images/-2025-09-12-165636_png.rf.560f2e74de584e95cca144ff9d03994e.jpg,2,대
C:\YANUS\lumos\train\images\-2025-09-12-165708_png.rf.bbe8e652119c49661abf201aba504294.jpg,train/images/-2025-09-12-165708_png.rf.bbe8e652119c49661abf201aba504294.jpg,1,중
C:\YANUS\lumos\train\images\-2025-09-12-165725_png.rf.6b35e6c05138d3c4c5acada7610d72d4.jpg,train/images/-2025-09-12-165725_png.rf.6b35e6c05138d3c4c5acada7610d72d4.jpg,0,소
C:\YANUS\lumos\train\images\-2025-09-12-165908_png.rf.26799d879f853f938604d71439af9a07.jpg,train/images/-2025-09-12-165908_png.rf.26799d879f853f938604d71439af9a07.jpg,2,대
C:\YANUS\lumos\train\images\-2025-09-12-165934_png.rf.79ed15b1b851f122ea2f3a0897e96403.jpg,train/images/-2025-09-12-165934_png.rf.79ed15b1b851f122ea2f3a0897e96403.jpg,1,중
C:\YANUS\lumos\train\images\-2025-09-12-165959_png.rf.0d5bb9689183fadbdfe806f5d8240095.jpg,train/images/-2025-09-12-165959_png.rf.0d5bb9689183fadbdfe806f5d8240095.jpg,1,중
C:\YANUS\lumos\train\images\-2025-09-12-170054_png.rf.872aadcdcf9953a7c89f694c571ec578.jpg,train/images/-2025-09-12-170054_png.rf.872aadcdcf9953a7c89f694c571ec578.jpg,2,대
C:\YANUS\lumos\train\images\-2025-09-12-170322_png.rf.e5bd6dfb3a28c55802ea92a4916b57fa.jpg,train/images/-2025-09-12-170322_png.rf.e5bd6dfb3a28c55802ea92a4916b57fa.jpg,0,소
C:\YANUS\lumos\train\images\-2025-09-12-170328_png.rf.05c631111090a6f9f80933652ac012f0.jpg,train/images/-2025-09-12-170328_png.rf.05c631111090a6f9f80933652ac012f0.jpg,2,대
C:\YANUS\lumos\train\images\-2025-09-12-172055_png.rf.c0ee3bc0aec2bc2822a005f948931424.jpg,train/images/-2025-09-12-172055_png.rf.c0ee3bc0aec2bc2822a005f948931424.jpg,2,대
C:\YANUS\lumos\train\images\-2025-09-12-183910_png.rf.bf720cc26381c5bf6efbf41c75d89b31.jpg,train/images/-2025-09-12-183910_png.rf.bf720cc26381c5bf6efbf41c75d89b31.jpg,1,중
C:\YANUS\lumos\train\images\-2025-09-12-184114_png.rf.2bc4ce73e3147817c2526d3c4d3e0f13.jpg,train/images/-2025-09-12-184114_png.rf.2bc4ce73e3147817c2526d3c4d3e0f13.jpg,2,대
C:\YANUS\lumos\train\images\-2025-09-12-184407_png.rf.4576981c713193d1c36b2416bb4c7d50.jpg,train/images/-2025-09-12-184407_png.rf.4576981c713193d1c36b2416bb4c7d50.jpg,2,대
C:\YANUS\lumos\train\images\-2025-09-12-184505_png.rf.2e4ca0f61acbdcc46be6fc73fc7f10a1.jpg,train/images/-2025-09-12-184505_png.rf.2e4ca0f61acbdcc46be6fc73fc7f10a1.jpg,2,대
C:\YANUS\lumos\train\images\-2025-09-12-184815_png.rf.d949e94b684bb127915de2e6c713fad5.jpg,train/images/-2025-09-12-184815_png.rf.d949e94b684bb127915de2e6c713fad5.jpg,2,대
C:\YANUS\lumos\train\images\-2025-09-12-184840_png.rf.b8f5912abdab904127982f471c0fd61b.jpg,train/images/-2025-09-12-184840_png.rf.b8f5912abdab904127982f471c0fd61b.jpg,2,대
C:\YANUS\lumos\train\images\-2025-09-12-185332_png.rf.2cc9f8b8ea1d784d085a6dcc33b44ba9.jpg,train/images/-2025-09-12-185332_png.rf.2cc9f8b8ea1d784d085a6dcc33b44ba9.jpg,1,중
C:\YANUS\lumos\train\images\-2025-09-12-185635_png.rf.a388c08be24e7ea08e27c144606591b7.jpg,train/images/-2025-09-12-185635_png.rf.a388c08be24e7ea08e27c144606591b7.jpg,2,대
C:\YANUS\lumos\train\images\-2025-09-12-191121_png.rf.48ee038d14be7ab34f5cffa6fce95097.jpg,train/images/-2025-09-12-191121_png.rf.48ee038d14be7ab34f5cffa6fce95097.jpg,2,대
C:\YANUS\lumos\train\images\-2025-09-12-191228_png.rf.7788950d663296d283e97915cff693e3.jpg,train/images/-2025-09-12-191228_png.rf.7788950d663296d283e97915cff693e3.jpg,2,대
C:\YANUS\lumos\train\images\-2025-09-12-191403_png.rf.13bdd402dec733852c65a28f858a6277.jpg,train/images/-2025-09-12-191403_png.rf.13bdd402dec733852c65a28f858a6277.jpg,2,대
C:\YANUS\lumos\train\images\-2025-09-12-191419_png.rf.e411a05027061681e0dc4cbbe060b3cf.jpg,train/images/-2025-09-12-191419_png.rf.e411a05027061681e0dc4cbbe060b3cf.jpg,0,소
C:\YANUS\lumos\train\images\-2025-09-12-191502_png.rf.7835aee001dc314f82895fd032db8c51.jpg,train/images/-2025-09-12-191502_png.rf.7835aee001dc314f82895fd032db8c51.jpg,2,대
C:\YANUS\lumos\train\images\-2025-09-12-192811_png.rf.023ed8c86720ca2ccfba78d2662ef915.jpg,train/images/-2025-09-12-192811_png.rf.023ed8c86720ca2ccfba78d2662ef915.jpg,2,대
C:\YANUS\lumos\train\images\-2025-09-12-192901_png.rf.a73562fcfd6e74ea2dc3adff9da708b2.jpg,train/images/-2025-09-12-192901_png.rf.a73562fcfd6e74ea2dc3adff9da708b2.jpg,2,대
C:\YANUS\lumos\train\images\-2025-09-12-192955_png.rf.4576e10d2c7fee9da92f3e6a2a65e53e.jpg,train/images/-2025-09-12-192955_png.rf.4576e10d2c7fee9da92f3e6a2a65e53e.jpg,2,대
C:\YANUS\lumos\train\images\-2025-09-12-194137_png.rf.21dc121a13db582e4dd6e4652d0b2e84.jpg,train/images/-2025-09-12-194137_png.rf.21dc121a13db582e4dd6e4652d0b2e84.jpg,2,대
C:\YANUS\lumos\train\images\-2025-09-12-194156_png.rf.05892330dcb7111edbc613445720f052.jpg,train/images/-2025-09-12-194156_png.rf.05892330dcb7111edbc613445720f052.jpg,2,대
C:\YANUS\lumos\train\images\-2025-09-13-174442_png.rf.79a78effefc4407dd9a911fbf014251f.jpg,train/images/-2025-09-13-174442_png.rf.79a78effefc4407dd9a911fbf014251f.jpg,2,대
C:\YANUS\lumos\train\images\-2025-09-15-123213_png.rf.6e1e7165dae31e2880d0102daa7d5483.jpg,train/images/-2025-09-15-123213_png.rf.6e1e7165dae31e2880d0102daa7d5483.jpg,2,대
C:\YANUS\lumos\train\images\-2025-09-17-170227_png.rf.610ba8e5c29634fbef46956e618b95f2.jpg,train/images/-2025-09-17-170227_png.rf.610ba8e5c29634fbef46956e618b95f2.jpg,2,대
C:\YANUS\lumos\train\images\-2025-09-17-170305_png.rf.7ed3cef2defe1ec6b61e8db0fe7c5641.jpg,train/images/-2025-09-17-170305_png.rf.7ed3cef2defe1ec6b61e8db0fe7c5641.jpg,2,대
C:\YANUS\lumos\train\images\-2025-09-17-170728_png.rf.181a2cbad3f2342c0057473a5b5ac5ec.jpg,train/images/-2025-09-17-170728_png.rf.181a2cbad3f2342c0057473a5b5ac5ec.jpg,2,대
C:\YANUS\lumos\train\images\-2025-09-17-170758_png.rf.1adbd36eeb3d026a40ef5debcfb97cf3.jpg,train/images/-2025-09-17-170758_png.rf.1adbd36eeb3d026a40ef5debcfb97cf3.jpg,1,중
C:\YANUS\lumos\train\images\-2025-09-17-171049_png.rf.3d391e7efbd1688b5e5b67c1f2c429b8.jpg,train/images/-2025-09-17-171049_png.rf.3d391e7efbd1688b5e5b67c1f2c429b8.jpg,0,소
C:\YANUS\lumos\train\images\-2025-09-17-171209_png.rf.bbb49f205b98418c974027ec6d72ef9c.jpg,train/images/-2025-09-17-171209_png.rf.bbb49f205b98418c974027ec6d72ef9c.jpg,2,대
C:\YANUS\lumos\train\images\-2025-09-17-171727_png.rf.12718b396edd3e54b0dafa5220c6d7cc.jpg,train/images/-2025-09-17-171727_png.rf.12718b396edd3e54b0dafa5220c6d7cc.jpg,2,대
C:\YANUS\lumos\train\images\-2025-09-17-172509_png.rf.d8cf0dd0870a1870b2db4e6c3c3d8e19.jpg,train/images/-2025-09-17-172509_png.rf.d8cf0dd0870a1870b2db4e6c3c3d8e19.jpg,1,중
C:\YANUS\lumos\train\images\-2025-09-17-172806_png.rf.a4aa37c80689bc2fbb725d650b69eda2.jpg,train/images/-2025-09-17-172806_png.rf.a4aa37c80689bc2fbb725d650b69eda2.jpg,2,대
C:\YANUS\lumos\train\images\-2025-09-17-172825_png.rf.dae44af762fef7ff1009c0051e0817ea.jpg,train/images/-2025-09-17-172825_png.rf.dae44af762fef7ff1009c0051e0817ea.jpg,1,중
C:\YANUS\lumos\train\images\-2025-09-17-172913_png.rf.d8329a93ebbb32d40c47e8a4c22c0ca2.jpg,train/images/-2025-09-17-172913_png.rf.d8329a93ebbb32d40c47e8a4c22c0ca2.jpg,0,소
C:\YANUS\lumos\train\images\-2025-09-17-173004_png.rf.186253993cbadb78d03dc25fd441b2dc.jpg,train/images/-2025-09-17-173004_png.rf.186253993cbadb78d03dc25fd441b2dc.jpg,0,소
C:\YANUS\lumos\train\images\-2025-09-17-173135_png.rf.10f6fc3fba5d8c07f63f293115045e02.jpg,train/images/-2025-09-17-173135_png.rf.10f6fc3fba5d8c07f63f293115045e02.jpg,1,중
C:\YANUS\lumos\train\images\-2025-09-17-173206_png.rf.5426895290b0d106be6dffdf5c57d877.jpg,train/images/-2025-09-17-173206_png.rf.5426895290b0d106be6dffdf5c57d877.jpg,1,중
C:\YANUS\lumos\train\images\-2025-09-17-173404_png.rf.f8d5476dedc0cb6166e55bff3f3d0e51.jpg,train/images/-2025-09-17-173404_png.rf.f8d5476dedc0cb6166e55bff3f3d0e51.jpg,2,대
C:\YANUS\lumos\train\images\-2025-09-17-173533_png.rf.118511b93df28506b88af60d80df3234.jpg,train/images/-2025-09-17-173533_png.rf.118511b93df28506b88af60d80df3234.jpg,2,대
C:\YANUS\lumos\train\images\-2025-09-17-173606_png.rf.81a6040e26762418a47b4734b8cc5686.jpg,train/images/-2025-09-17-173606_png.rf.81a6040e26762418a47b4734b8cc5686.jpg,1,중
C:\YANUS\lumos\train\images\-2025-09-17-173623_png.rf.abd5de0bff6900e7a6017274cf73d85e.jpg,train/images/-2025-09-17-173623_png.rf.abd5de0bff6900e7a6017274cf73d85e.jpg,2,대
C:\YANUS\lumos\train\images\-2025-09-17-173846_png.rf.2326537c6a97a7f4aafe907c1a311e08.jpg,train/images/-2025-09-17-173846_png.rf.2326537c6a97a7f4aafe907c1a311e08.jpg,2,대
C:\YANUS\lumos\train\images\-2025-09-17-173934_png.rf.aeff0b772a416b87ad201e2e26ef4df1.jpg,train/images/-2025-09-17-173934_png.rf.aeff0b772a416b87ad201e2e26ef4df1.jpg,2,대
C:\YANUS\lumos\train\images\-2025-09-17-173939_png.rf.d1d007d8da3f115f495102371ed4d5cd.jpg,train/images/-2025-09-17-173939_png.rf.d1d007d8da3f115f495102371ed4d5cd.jpg,2,대
C:\YANUS\lumos\train\images\-2025-09-17-174254_png.rf.9ea920637fe317bf09a1fdfcdf855633.jpg,train/images/-2025-09-17-174254_png.rf.9ea920637fe317bf09a1fdfcdf855633.jpg,2,대
C:\YANUS\lumos\train\images\-2025-09-17-174735_png.rf.30e8cebf83d4de1af9fc69c4f766a5e1.jpg,train/images/-2025-09-17-174735_png.rf.30e8cebf83d4de1af9fc69c4f766a5e1.jpg,2,대
C:\YANUS\lumos\train\images\-2025-09-17-174906_png.rf.e584b8a85434798b647934203d399ddf.jpg,train/images/-2025-09-17-174906_png.rf.e584b8a85434798b647934203d399ddf.jpg,2,대
C:\YANUS\lumos\train\images\-2025-09-17-175140_png.rf.86f6eb6bf599d83b2809bc6d52bc52e9.jpg,train/images/-2025-09-17-175140_png.rf.86f6eb6bf599d83b2809bc6d52bc52e9.jpg,2,대
C:\YANUS\lumos\train\images\-2025-09-17-175852_png.rf.fc41e1108ed5e11dc2515710f7fba473.jpg,train/images/-2025-09-17-175852_png.rf.fc41e1108ed5e11dc2515710f7fba473.jpg,2,대
C:\YANUS\lumos\train\images\-20_png.rf.10b882442e899b0d66af4f99ce3635c0.jpg,train/images/-20_png.rf.10b882442e899b0d66af4f99ce3635c0.jpg,2,대
C:\YANUS\lumos\train\images\-20_png.rf.190262801cf6365509a40ec212f42237.jpg,train/images/-20_png.rf.190262801cf6365509a40ec212f42237.jpg,2,대
C:\YANUS\lumos\train\images\-20_png.rf.2ae7a4f788a89f73af5b8f4c72fdae8a.jpg,train/images/-20_png.rf.2ae7a4f788a89f73af5b8f4c72fdae8a.jpg,2,대
C:\YANUS\lumos\train\images\-20_png.rf.2b0cbafe6d44177a79bc1eb5bce45a00.jpg,train/images/-20_png.rf.2b0cbafe6d44177a79bc1eb5bce45a00.jpg,2,대
C:\YANUS\lumos\train\images\-20_png.rf.3a378ad78caaab09d11853f0d10af021.jpg,train/images/-20_png.rf.3a378ad78caaab09d11853f0d10af021.jpg,2,대
C:\YANUS\lumos\train\images\-20_png.rf.5f0a820841da5e06e47c88d9b3ef803d.jpg,train/images/-20_png.rf.5f0a820841da5e06e47c88d9b3ef803d.jpg,2,대
C:\YANUS\lumos\train\images\-20_png.rf.74ee8c12ffbd811106553f40a14d161a.jpg,train/images/-20_png.rf.74ee8c12ffbd811106553f40a14d161a.jpg,2,대
C:\YANUS\lumos\train\images\-20_png.rf.81f50429d52566b010e5369dc963bbd8.jpg,train/images/-20_png.rf.81f50429d52566b010e5369dc963bbd8.jpg,2,대
C:\YANUS\lumos\train\images\-20_png.rf.aff623066ca86f563388b208cf943176.jpg,train/images/-20_png.rf.aff623066ca86f563388b208cf943176.jpg,2,대
C:\YANUS\lumos\train\images\-20_png.rf.c6fdf57c243af579ca17257b86e29445.jpg,train/images/-20_png.rf.c6fdf57c243af579ca17257b86e29445.jpg,2,대
C:\YANUS\lumos\train\images\-20_png.rf.cf34aa91d9158dc1bbe9d9a1a06cead7.jpg,train/images/-20_png.rf.cf34aa91d9158dc1bbe9d9a1a06cead7.jpg,2,대
C:\YANUS\lumos\train\images\-20_png.rf.e83b90891327a4a9b4fe74f36772d4c1.jpg,train/images/-20_png.rf.e83b90891327a4a9b4fe74f36772d4c1.jpg,2,대
C:\YANUS\lumos\train\images\-20_png.rf.f4d4d058a98f6f57420a418f2f27f86f.jpg,train/images/-20_png.rf.f4d4d058a98f6f57420a418f2f27f86f.jpg,2,대
C:\YANUS\lumos\train\images\-21_png.rf.0f08a67692a7596c6437453d18d3b88d.jpg,train/images/-21_png.rf.0f08a67692a7596c6437453d18d3b88d.jpg,1,중
C:\YANUS\lumos\train\images\-21_png.rf.1c41433932ec74723abb8a4053fb27f6.jpg,train/images/-21_png.rf.1c41433932ec74723abb8a4053fb27f6.jpg,1,중
C:\YANUS\lumos\train\images\-21_png.rf.569efad989068666a6645de84caddac9.jpg,train/images/-21_png.rf.569efad989068666a6645de84caddac9.jpg,2,대
C:\YANUS\lumos\train\images\-21_png.rf.59546fdee9dbccace6c9a34e0f0797dd.jpg,train/images/-21_png.rf.59546fdee9dbccace6c9a34e0f0797dd.jpg,2,대
C:\YANUS\lumos\train\images\-21_png.rf.71760ca61f768c5c6086664bbce766e9.jpg,train/images/-21_png.rf.71760ca61f768c5c6086664bbce766e9.jpg,2,대
C:\YANUS\lumos\train\images\-21_png.rf.8bf092ae481e48a102e9eca1df9bc475.jpg,train/images/-21_png.rf.8bf092ae481e48a102e9eca1df9bc475.jpg,2,대
C:\YANUS\lumos\train\images\-21_png.rf.b422cc25b871d81eb982c5fbf2d0404e.jpg,train/images/-21_png.rf.b422cc25b871d81eb982c5fbf2d0404e.jpg,1,중
C:\YANUS\lumos\train\images\-21_png.rf.ffd9c04bce349de134e164aeb42e32bd.jpg,train/images/-21_png.rf.ffd9c04bce349de134e164aeb42e32bd.jpg,2,대
C:\YANUS\lumos\train\images\-22_png.rf.200aba79380e00b740932f28da64ff62.jpg,train/images/-22_png.rf.200aba79380e00b740932f28da64ff62.jpg,1,중
C:\YANUS\lumos\train\images\-22_png.rf.477e9ad111e4e7e4ee2e0112e3fe3bb2.jpg,train/images/-22_png.rf.477e9ad111e4e7e4ee2e0112e3fe3bb2.jpg,2,대
C:\YANUS\lumos\train\images\-22_png.rf.8a231d521b109174dc4b939cfbf0c2c0.jpg,train/images/-22_png.rf.8a231d521b109174dc4b939cfbf0c2c0.jpg,0,소
C:\YANUS\lumos\train\images\-22_png.rf.8aafb644befe2e0d8b05885b6140f489.jpg,train/images/-22_png.rf.8aafb644befe2e0d8b05885b6140f489.jpg,0,소
C:\YANUS\lumos\train\images\-22_png.rf.aec3d0bb1d5117240f902b746a704580.jpg,train/images/-22_png.rf.aec3d0bb1d5117240f902b746a704580.jpg,2,대
C:\YANUS\lumos\train\images\-22_png.rf.c83a73083b59e082664f51d6511ad2a0.jpg,train/images/-22_png.rf.c83a73083b59e082664f51d6511ad2a0.jpg,2,대
C:\YANUS\lumos\train\images\-22_png.rf.db6768c77f432c541a6b0b4bd6dae5f4.jpg,train/images/-22_png.rf.db6768c77f432c541a6b0b4bd6dae5f4.jpg,2,대
C:\YANUS\lumos\train\images\-22_png.rf.deaf8b477f85110da3f865d6eb67652d.jpg,train/images/-22_png.rf.deaf8b477f85110da3f865d6eb67652d.jpg,2,대
C:\YANUS\lumos\train\images\-22_png.rf.f1f6459007404d274873b05d20aa887d.jpg,train/images/-22_png.rf.f1f6459007404d274873b05d20aa887d.jpg,2,대
C:\YANUS\lumos\train\images\-23_png.rf.177ee34acc2afd3a7c6a96de64cf0d05.jpg,train/images/-23_png.rf.177ee34acc2afd3a7c6a96de64cf0d05.jpg,2,대
C:\YANUS\lumos\train\images\-23_png.rf.324e1b4bcbc9db7546668d11a857a4d6.jpg,train/images/-23_png.rf.324e1b4bcbc9db7546668d11a857a4d6.jpg,2,대
C:\YANUS\lumos\train\images\-23_png.rf.68ab3a0cab80b1e2e67e66bdb508b7b0.jpg,train/images/-23_png.rf.68ab3a0cab80b1e2e67e66bdb508b7b0.jpg,2,대
C:\YANUS\lumos\train\images\-23_png.rf.8c473b42b1c09bf2a7817d54280f7f75.jpg,train/images/-23_png.rf.8c473b42b1c09bf2a7817d54280f7f75.jpg,2,대
C:\YANUS\lumos\train\images\-23_png.rf.92f7d02b75e7a666ee7b613af45883d0.jpg,train/images/-23_png.rf.92f7d02b75e7a666ee7b613af45883d0.jpg,1,중
C:\YANUS\lumos\train\images\-23_png.rf.937ef7ca4bc63846bc70e4d79e59b113.jpg,train/images/-23_png.rf.937ef7ca4bc63846bc70e4d79e59b113.jpg,1,중
C:\YANUS\lumos\train\images\-23_png.rf.9ca2f0f3dd9943677878b72d56607ca0.jpg,train/images/-23_png.rf.9ca2f0f3dd9943677878b72d56607ca0.jpg,2,대
C:\YANUS\lumos\train\images\-23_png.rf.bb751aa6734d7145a9ae3db9a9c1af4a.jpg,train/images/-23_png.rf.bb751aa6734d7145a9ae3db9a9c1af4a.jpg,2,대
C:\YANUS\lumos\train\images\-23_png.rf.fc7ccb61227bde81820794bde6079456.jpg,train/images/-23_png.rf.fc7ccb61227bde81820794bde6079456.jpg,2,대
C:\YANUS\lumos\train\images\-24_-_png.rf.172da0b163eda13d9d18ddb1d4604a9a.jpg,train/images/-24_-_png.rf.172da0b163eda13d9d18ddb1d4604a9a.jpg,1,중
C:\YANUS\lumos\train\images\-24_-_png.rf.5b508962985713ba227f0324e459099b.jpg,train/images/-24_-_png.rf.5b508962985713ba227f0324e459099b.jpg,0,소
C:\YANUS\lumos\train\images\-24_-_png.rf.5f63737d158f825433e2bd800c1ea38d.jpg,train/images/-24_-_png.rf.5f63737d158f825433e2bd800c1ea38d.jpg,1,중
C:\YANUS\lumos\train\images\-24_3_png.rf.cdaa4d89603b198e51d9d1b906b2c13c.jpg,train/images/-24_3_png.rf.cdaa4d89603b198e51d9d1b906b2c13c.jpg,2,대
C:\YANUS\lumos\train\images\-24_4_png.rf.8bedb76ebdcc7ed680b8e7b3618d3ee5.jpg,train/images/-24_4_png.rf.8bedb76ebdcc7ed680b8e7b3618d3ee5.jpg,2,대
C:\YANUS\lumos\train\images\-24_png.rf.00ba8b0260492dc5ab79a8a31df09a32.jpg,train/images/-24_png.rf.00ba8b0260492dc5ab79a8a31df09a32.jpg,0,소
C:\YANUS\lumos\train\images\-24_png.rf.3930c9efbf461adb726c3fecfbc1878b.jpg,train/images/-24_png.rf.3930c9efbf461adb726c3fecfbc1878b.jpg,2,대
C:\YANUS\lumos\train\images\-24_png.rf.453ef63b6ecd7b6fb9e0cc0f495712fc.jpg,train/images/-24_png.rf.453ef63b6ecd7b6fb9e0cc0f495712fc.jpg,1,중
C:\YANUS\lumos\train\images\-24_png.rf.49657305475392da2b90404ae793d09c.jpg,train/images/-24_png.rf.49657305475392da2b90404ae793d09c.jpg,2,대
C:\YANUS\lumos\train\images\-24_png.rf.4bd4a6f9af9e017fad2ebef38a276d56.jpg,train/images/-24_png.rf.4bd4a6f9af9e017fad2ebef38a276d56.jpg,2,대
C:\YANUS\lumos\train\images\-24_png.rf.626db8728248a8a99d24678b2ece9c6c.jpg,train/images/-24_png.rf.626db8728248a8a99d24678b2ece9c6c.jpg,0,소
C:\YANUS\lumos\train\images\-24_png.rf.6ddd71cacb03272bda148225ffef030f.jpg,train/images/-24_png.rf.6ddd71cacb03272bda148225ffef030f.jpg,2,대
C:\YANUS\lumos\train\images\-24_png.rf.856e0be9ff7c809d3555c3440b0a94c9.jpg,train/images/-24_png.rf.856e0be9ff7c809d3555c3440b0a94c9.jpg,2,대
C:\YANUS\lumos\train\images\-24_png.rf.85df3ac17e14808d19ccfac3b73cb0cf.jpg,train/images/-24_png.rf.85df3ac17e14808d19ccfac3b73cb0cf.jpg,2,대
C:\YANUS\lumos\train\images\-24_png.rf.df2d66a52564c810124a49309e2c3494.jpg,train/images/-24_png.rf.df2d66a52564c810124a49309e2c3494.jpg,2,대
C:\YANUS\lumos\train\images\-24_png.rf.f8dc144baeacd8a68cd51f8db3bfd659.jpg,train/images/-24_png.rf.f8dc144baeacd8a68cd51f8db3bfd659.jpg,2,대
C:\YANUS\lumos\train\images\-25_png.rf.19c2873e705c8b941e35d905f7f1db5d.jpg,train/images/-25_png.rf.19c2873e705c8b941e35d905f7f1db5d.jpg,1,중
C:\YANUS\lumos\train\images\-25_png.rf.2220744de102e0c16f4bcff034dee0c7.jpg,train/images/-25_png.rf.2220744de102e0c16f4bcff034dee0c7.jpg,2,대
C:\YANUS\lumos\train\images\-25_png.rf.3f6a3b1c5ea783bb8aafc77cd9d6ea85.jpg,train/images/-25_png.rf.3f6a3b1c5ea783bb8aafc77cd9d6ea85.jpg,2,대
C:\YANUS\lumos\train\images\-25_png.rf.5d30e87fe8e1fa5b631d831a373ed186.jpg,train/images/-25_png.rf.5d30e87fe8e1fa5b631d831a373ed186.jpg,1,중
C:\YANUS\lumos\train\images\-25_png.rf.7b2ff72bfd9aa452d490e0238abf7ec8.jpg,train/images/-25_png.rf.7b2ff72bfd9aa452d490e0238abf7ec8.jpg,2,대
C:\YANUS\lumos\train\images\-25_png.rf.976b04d8c49eeca6717557a11d5f7a96.jpg,train/images/-25_png.rf.976b04d8c49eeca6717557a11d5f7a96.jpg,1,중
C:\YANUS\lumos\train\images\-25_png.rf.b0c807b5ac56952ddd44d346777d27ce.jpg,train/images/-25_png.rf.b0c807b5ac56952ddd44d346777d27ce.jpg,2,대
C:\YANUS\lumos\train\images\-26_png.rf.2fe4ae0fe26c0349671bee0126a3ece5.jpg,train/images/-26_png.rf.2fe4ae0fe26c0349671bee0126a3ece5.jpg,2,대
C:\YANUS\lumos\train\images\-26_png.rf.65f8b9e81cb6c148611e947f0d9ad91a.jpg,train/images/-26_png.rf.65f8b9e81cb6c148611e947f0d9ad91a.jpg,2,대
C:\YANUS\lumos\train\images\-26_png.rf.90e87e5cb9fd9d5f3a91fb44725d0158.jpg,train/images/-26_png.rf.90e87e5cb9fd9d5f3a91fb44725d0158.jpg,1,중
C:\YANUS\lumos\train\images\-26_png.rf.aafdb0436d4fb91e02321f24f258491c.jpg,train/images/-26_png.rf.aafdb0436d4fb91e02321f24f258491c.jpg,2,대
C:\YANUS\lumos\train\images\-26_png.rf.c780296a60ca10035e9318d48f3db756.jpg,train/images/-26_png.rf.c780296a60ca10035e9318d48f3db756.jpg,2,대
C:\YANUS\lumos\train\images\-26_png.rf.cfa4a7072efff498b5877341afb441d9.jpg,train/images/-26_png.rf.cfa4a7072efff498b5877341afb441d9.jpg,2,대
C:\YANUS\lumos\train\images\-27_png.rf.28417ff12a2aeaab953f9d5d7cbb001a.jpg,train/images/-27_png.rf.28417ff12a2aeaab953f9d5d7cbb001a.jpg,0,소
C:\YANUS\lumos\train\images\-27_png.rf.4adace7a014f451173b506f519747cab.jpg,train/images/-27_png.rf.4adace7a014f451173b506f519747cab.jpg,2,대
C:\YANUS\lumos\train\images\-27_png.rf.58d1b79153d7bc860c775eb62b8abdda.jpg,train/images/-27_png.rf.58d1b79153d7bc860c775eb62b8abdda.jpg,0,소
C:\YANUS\lumos\train\images\-27_png.rf.5fa243101d05761a70b9720c353c5ddd.jpg,train/images/-27_png.rf.5fa243101d05761a70b9720c353c5ddd.jpg,2,대
C:\YANUS\lumos\train\images\-27_png.rf.dd8dece6f3ab4c5d211d510d4baa7a69.jpg,train/images/-27_png.rf.dd8dece6f3ab4c5d211d510d4baa7a69.jpg,1,중
C:\YANUS\lumos\train\images\-27_png.rf.e19b8a1423c0edbf9eebb12de7c8fb39.jpg,train/images/-27_png.rf.e19b8a1423c0edbf9eebb12de7c8fb39.jpg,2,대
C:\YANUS\lumos\train\images\-28_png.rf.4db712835491eb667082b1dc94a9310d.jpg,train/images/-28_png.rf.4db712835491eb667082b1dc94a9310d.jpg,2,대
C:\YANUS\lumos\train\images\-28_png.rf.8531493c912043edfa7f5a6ef9cd634a.jpg,train/images/-28_png.rf.8531493c912043edfa7f5a6ef9cd634a.jpg,1,중
C:\YANUS\lumos\train\images\-28_png.rf.8c7008af617f609bbcb305320f5b0d1a.jpg,train/images/-28_png.rf.8c7008af617f609bbcb305320f5b0d1a.jpg,2,대
C:\YANUS\lumos\train\images\-28_png.rf.8f556e96211b57555c27e8e74d247b36.jpg,train/images/-28_png.rf.8f556e96211b57555c27e8e74d247b36.jpg,2,대
C:\YANUS\lumos\train\images\-28_png.rf.abc1000040e2308118ad20dff86987b5.jpg,train/images/-28_png.rf.abc1000040e2308118ad20dff86987b5.jpg,0,소
C:\YANUS\lumos\train\images\-28_png.rf.b0c21183cf48e96ad3c094794b0b3b41.jpg,train/images/-28_png.rf.b0c21183cf48e96ad3c094794b0b3b41.jpg,2,대
C:\YANUS\lumos\train\images\-28_png.rf.b5d24430bd92659b858c2be0a2506654.jpg,train/images/-28_png.rf.b5d24430bd92659b858c2be0a2506654.jpg,2,대
C:\YANUS\lumos\train\images\-28_png.rf.c8895b6217cc9677ba35604329987837.jpg,train/images/-28_png.rf.c8895b6217cc9677ba35604329987837.jpg,2,대
C:\YANUS\lumos\train\images\-29_png.rf.22c1d6c7b13c37aac1e2263907a28693.jpg,train/images/-29_png.rf.22c1d6c7b13c37aac1e2263907a28693.jpg,2,대
C:\YANUS\lumos\train\images\-29_png.rf.354e4ec87e0956eb6b2cf56f26b4c483.jpg,train/images/-29_png.rf.354e4ec87e0956eb6b2cf56f26b4c483.jpg,2,대
C:\YANUS\lumos\train\images\-29_png.rf.5ebac0a4726d0a24043e1704db1f782f.jpg,train/images/-29_png.rf.5ebac0a4726d0a24043e1704db1f782f.jpg,1,중
C:\YANUS\lumos\train\images\-29_png.rf.7cef95071ea492f3107d794bfff88fbd.jpg,train/images/-29_png.rf.7cef95071ea492f3107d794bfff88fbd.jpg,2,대
C:\YANUS\lumos\train\images\-29_png.rf.bc0f4a14c12c08dfafcc56cb0f54ff4f.jpg,train/images/-29_png.rf.bc0f4a14c12c08dfafcc56cb0f54ff4f.jpg,2,대
C:\YANUS\lumos\train\images\-29_png.rf.bd49c4e9ad672040e7c81b2210ea5598.jpg,train/images/-29_png.rf.bd49c4e9ad672040e7c81b2210ea5598.jpg,2,대
C:\YANUS\lumos\train\images\-29_png.rf.bff1ca65c510fc883ef33b999fe1c562.jpg,train/images/-29_png.rf.bff1ca65c510fc883ef33b999fe1c562.jpg,2,대
C:\YANUS\lumos\train\images\-2_png.rf.04b16a16795bc61cf80a91beac2ece31.jpg,train/images/-2_png.rf.04b16a16795bc61cf80a91beac2ece31.jpg,0,소
C:\YANUS\lumos\train\images\-2_png.rf.09972d61e1f01fb66f6801f51fe46e2c.jpg,train/images/-2_png.rf.09972d61e1f01fb66f6801f51fe46e2c.jpg,2,대
C:\YANUS\lumos\train\images\-2_png.rf.0c78db9155db4a43bd4c6e7fe659673d.jpg,train/images/-2_png.rf.0c78db9155db4a43bd4c6e7fe659673d.jpg,2,대
C:\YANUS\lumos\train\images\-2_png.rf.0e61dc91476fd2e55a59d6b43fbf51e5.jpg,train/images/-2_png.rf.0e61dc91476fd2e55a59d6b43fbf51e5.jpg,2,대
C:\YANUS\lumos\train\images\-2_png.rf.1558fcf4d864868ec595ef6f3aebf9f3.jpg,train/images/-2_png.rf.1558fcf4d864868ec595ef6f3aebf9f3.jpg,2,대
C:\YANUS\lumos\train\images\-2_png.rf.1d9b1e773028aa1f8a6a4825415a5856.jpg,train/images/-2_png.rf.1d9b1e773028aa1f8a6a4825415a5856.jpg,2,대
C:\YANUS\lumos\train\images\-2_png.rf.213765e9dde4ebaafff38c13b8d35c03.jpg,train/images/-2_png.rf.213765e9dde4ebaafff38c13b8d35c03.jpg,2,대
C:\YANUS\lumos\train\images\-2_png.rf.29af297562a948c162e758a044598512.jpg,train/images/-2_png.rf.29af297562a948c162e758a044598512.jpg,2,대
C:\YANUS\lumos\train\images\-2_png.rf.2bf13a93023c41c91b612f4ca6bc44b1.jpg,train/images/-2_png.rf.2bf13a93023c41c91b612f4ca6bc44b1.jpg,2,대
C:\YANUS\lumos\train\images\-2_png.rf.2dd82dc966346908c8b8d69c19ac0855.jpg,train/images/-2_png.rf.2dd82dc966346908c8b8d69c19ac0855.jpg,2,대
C:\YANUS\lumos\train\images\-2_png.rf.3a920256ebf82b1afc5f7c62d9c80b04.jpg,train/images/-2_png.rf.3a920256ebf82b1afc5f7c62d9c80b04.jpg,0,소
C:\YANUS\lumos\train\images\-2_png.rf.3c146e5fb575dad6f6e191782640e65f.jpg,train/images/-2_png.rf.3c146e5fb575dad6f6e191782640e65f.jpg,1,중
C:\YANUS\lumos\train\images\-2_png.rf.49cdfb84c8e98c4c873a3262a65f26cb.jpg,train/images/-2_png.rf.49cdfb84c8e98c4c873a3262a65f26cb.jpg,0,소
C:\YANUS\lumos\train\images\-2_png.rf.4b12a0a657684d23ada1bc25a45b32bb.jpg,train/images/-2_png.rf.4b12a0a657684d23ada1bc25a45b32bb.jpg,2,대
C:\YANUS\lumos\train\images\-2_png.rf.4b2235a1a7bb4e0bfcc92f56106b3f01.jpg,train/images/-2_png.rf.4b2235a1a7bb4e0bfcc92f56106b3f01.jpg,2,대
C:\YANUS\lumos\train\images\-2_png.rf.4c7d360ea490a53ee20b8df1f99ec57e.jpg,train/images/-2_png.rf.4c7d360ea490a53ee20b8df1f99ec57e.jpg,2,대
C:\YANUS\lumos\train\images\-2_png.rf.4e6973e193ad5e38221c3e62561d7890.jpg,train/images/-2_png.rf.4e6973e193ad5e38221c3e62561d7890.jpg,2,대
C:\YANUS\lumos\train\images\-2_png.rf.5140e2f7bd8407ce9b3bb4c0824ec8d0.jpg,train/images/-2_png.rf.5140e2f7bd8407ce9b3bb4c0824ec8d0.jpg,2,대
C:\YANUS\lumos\train\images\-2_png.rf.52f4912f22d6942bf222fd487b0a1ec1.jpg,train/images/-2_png.rf.52f4912f22d6942bf222fd487b0a1ec1.jpg,2,대
C:\YANUS\lumos\train\images\-2_png.rf.5377fedf17cc7fc187de732ec071b1d5.jpg,train/images/-2_png.rf.5377fedf17cc7fc187de732ec071b1d5.jpg,2,대
C:\YANUS\lumos\train\images\-2_png.rf.53be9f1531fe4dc2a8c274260c6a9d92.jpg,train/images/-2_png.rf.53be9f1531fe4dc2a8c274260c6a9d92.jpg,0,소
C:\YANUS\lumos\train\images\-2_png.rf.5be3c47eb3a482673a1c834582c0db57.jpg,train/images/-2_png.rf.5be3c47eb3a482673a1c834582c0db57.jpg,2,대
C:\YANUS\lumos\train\images\-2_png.rf.6a0a5e79a0f0554839c7fd2252dbcd99.jpg,train/images/-2_png.rf.6a0a5e79a0f0554839c7fd2252dbcd99.jpg,2,대
C:\YANUS\lumos\train\images\-2_png.rf.6e182f4d4f7a16f88ac6ec48c75310ff.jpg,train/images/-2_png.rf.6e182f4d4f7a16f88ac6ec48c75310ff.jpg,2,대
C:\YANUS\lumos\train\images\-2_png.rf.74cc21f9d134177c1dfe8a7d9d1ec540.jpg,train/images/-2_png.rf.74cc21f9d134177c1dfe8a7d9d1ec540.jpg,2,대
C:\YANUS\lumos\train\images\-2_png.rf.75221db1555911ebecdb8415200c3e3e.jpg,train/images/-2_png.rf.75221db1555911ebecdb8415200c3e3e.jpg,2,대
C:\YANUS\lumos\train\images\-2_png.rf.7be62ee50a8ad9ccec103d730692d6b7.jpg,train/images/-2_png.rf.7be62ee50a8ad9ccec103d730692d6b7.jpg,0,소
C:\YANUS\lumos\train\images\-2_png.rf.836ed05d328d7a07235aec22cea79a8e.jpg,train/images/-2_png.rf.836ed05d328d7a07235aec22cea79a8e.jpg,2,대
C:\YANUS\lumos\train\images\-2_png.rf.845c5430fd43231f76e1de9f93890b35.jpg,train/images/-2_png.rf.845c5430fd43231f76e1de9f93890b35.jpg,2,대
C:\YANUS\lumos\train\images\-2_png.rf.85df4e659fb75a0604897393f1bd65dc.jpg,train/images/-2_png.rf.85df4e659fb75a0604897393f1bd65dc.jpg,2,대
C:\YANUS\lumos\train\images\-2_png.rf.86ca4f8910a3ec49156896eaa138a0d4.jpg,train/images/-2_png.rf.86ca4f8910a3ec49156896eaa138a0d4.jpg,2,대
C:\YANUS\lumos\train\images\-2_png.rf.871c0976af4b9e1d6ff0e444e05611c7.jpg,train/images/-2_png.rf.871c0976af4b9e1d6ff0e444e05611c7.jpg,2,대
C:\YANUS\lumos\train\images\-2_png.rf.8b0fe727665e3f863ec4ad6661c4ce76.jpg,train/images/-2_png.rf.8b0fe727665e3f863ec4ad6661c4ce76.jpg,0,소
C:\YANUS\lumos\train\images\-2_png.rf.8d75c058f62a672876de585cfdb008e6.jpg,train/images/-2_png.rf.8d75c058f62a672876de585cfdb008e6.jpg,2,대
C:\YANUS\lumos\train\images\-2_png.rf.8f298581967043de3e48a93bf537d6bb.jpg,train/images/-2_png.rf.8f298581967043de3e48a93bf537d6bb.jpg,1,중
C:\YANUS\lumos\train\images\-2_png.rf.8f951401fa59de30f8574f7e33171082.jpg,train/images/-2_png.rf.8f951401fa59de30f8574f7e33171082.jpg,1,중
C:\YANUS\lumos\train\images\-2_png.rf.90e5d527e8b296234b50a3aae75fe97d.jpg,train/images/-2_png.rf.90e5d527e8b296234b50a3aae75fe97d.jpg,1,중
C:\YANUS\lumos\train\images\-2_png.rf.973b961e6cb09a6a2290efb1a9cdb12e.jpg,train/images/-2_png.rf.973b961e6cb09a6a2290efb1a9cdb12e.jpg,2,대
C:\YANUS\lumos\train\images\-2_png.rf.9827f86fccae506323c38fa6e43e7304.jpg,train/images/-2_png.rf.9827f86fccae506323c38fa6e43e7304.jpg,2,대
C:\YANUS\lumos\train\images\-2_png.rf.9cb3efe103c4f1be81c4f13cc15bd605.jpg,train/images/-2_png.rf.9cb3efe103c4f1be81c4f13cc15bd605.jpg,2,대
C:\YANUS\lumos\train\images\-2_png.rf.9ce6b0bcfb1dc2b8789fb06cd0ea13ae.jpg,train/images/-2_png.rf.9ce6b0bcfb1dc2b8789fb06cd0ea13ae.jpg,2,대
C:\YANUS\lumos\train\images\-2_png.rf.ae036e8400fdcb700d4ec436f5e0f148.jpg,train/images/-2_png.rf.ae036e8400fdcb700d4ec436f5e0f148.jpg,2,대
C:\YANUS\lumos\train\images\-2_png.rf.ae479d1f4afcc8f08271dc68c2e93a46.jpg,train/images/-2_png.rf.ae479d1f4afcc8f08271dc68c2e93a46.jpg,2,대
C:\YANUS\lumos\train\images\-2_png.rf.bfe97c18b5dcc691dbedcaa34e0ffb7b.jpg,train/images/-2_png.rf.bfe97c18b5dcc691dbedcaa34e0ffb7b.jpg,2,대
C:\YANUS\lumos\train\images\-2_png.rf.c03e3fad776015adeb0dfb5d0bcd1ed8.jpg,train/images/-2_png.rf.c03e3fad776015adeb0dfb5d0bcd1ed8.jpg,0,소
C:\YANUS\lumos\train\images\-2_png.rf.c52d2f7faf57c90ce99b81b3d8df6e6d.jpg,train/images/-2_png.rf.c52d2f7faf57c90ce99b81b3d8df6e6d.jpg,2,대
C:\YANUS\lumos\train\images\-2_png.rf.c952887687355068e3afaf24403c883a.jpg,train/images/-2_png.rf.c952887687355068e3afaf24403c883a.jpg,1,중
C:\YANUS\lumos\train\images\-2_png.rf.cefc7e0a5a0815ce1b3bd4dd75636049.jpg,train/images/-2_png.rf.cefc7e0a5a0815ce1b3bd4dd75636049.jpg,1,중
C:\YANUS\lumos\train\images\-2_png.rf.e0360279dd3d9ddd57b20c9911ea7118.jpg,train/images/-2_png.rf.e0360279dd3d9ddd57b20c9911ea7118.jpg,0,소
C:\YANUS\lumos\train\images\-2_png.rf.e9579ca85f01fdaac0ab07d85035da5f.jpg,train/images/-2_png.rf.e9579ca85f01fdaac0ab07d85035da5f.jpg,2,대
C:\YANUS\lumos\train\images\-2_png.rf.f8513e1f0bf359c6bcb6b48d403b0026.jpg,train/images/-2_png.rf.f8513e1f0bf359c6bcb6b48d403b0026.jpg,2,대
C:\YANUS\lumos\train\images\-2_png.rf.fbba198860e323ba1ccafee6807e6429.jpg,train/images/-2_png.rf.fbba198860e323ba1ccafee6807e6429.jpg,2,대
C:\YANUS\lumos\train\images\-2_png.rf.fec46cd2dd255c8c34cf1b20a8abd63b.jpg,train/images/-2_png.rf.fec46cd2dd255c8c34cf1b20a8abd63b.jpg,2,대
C:\YANUS\lumos\train\images\-30_png.rf.137cee04dd939b1ff131442362af299e.jpg,train/images/-30_png.rf.137cee04dd939b1ff131442362af299e.jpg,2,대
C:\YANUS\lumos\train\images\-30_png.rf.17badbd19bca8bf8b80a8138eb0aff48.jpg,train/images/-30_png.rf.17badbd19bca8bf8b80a8138eb0aff48.jpg,2,대
C:\YANUS\lumos\train\images\-30_png.rf.34f95f0d2ea8841ade539fa249b7ca2c.jpg,train/images/-30_png.rf.34f95f0d2ea8841ade539fa249b7ca2c.jpg,2,대
C:\YANUS\lumos\train\images\-30_png.rf.78ca3b42600ec70d9f5960d266a24c08.jpg,train/images/-30_png.rf.78ca3b42600ec70d9f5960d266a24c08.jpg,2,대
C:\YANUS\lumos\train\images\-30_png.rf.7c82760d846ed154dac8cbd0bad67c27.jpg,train/images/-30_png.rf.7c82760d846ed154dac8cbd0bad67c27.jpg,1,중
C:\YANUS\lumos\train\images\-30_png.rf.7d7275d12f7f7cf7631d7163e4655e05.jpg,train/images/-30_png.rf.7d7275d12f7f7cf7631d7163e4655e05.jpg,2,대
C:\YANUS\lumos\train\images\-30_png.rf.e232e992b994266e272e9338dd890370.jpg,train/images/-30_png.rf.e232e992b994266e272e9338dd890370.jpg,2,대
C:\YANUS\lumos\train\images\-31_png.rf.0192441d252b2aa15cc57d5cd4144072.jpg,train/images/-31_png.rf.0192441d252b2aa15cc57d5cd4144072.jpg,2,대
C:\YANUS\lumos\train\images\-31_png.rf.0a18d9150f174db5378fc036a613aa11.jpg,train/images/-31_png.rf.0a18d9150f174db5378fc036a613aa11.jpg,2,대
C:\YANUS\lumos\train\images\-31_png.rf.65db95d1b976897a71f12e7d372a03ea.jpg,train/images/-31_png.rf.65db95d1b976897a71f12e7d372a03ea.jpg,2,대
C:\YANUS\lumos\train\images\-31_png.rf.b54d6f1c24496e89e866536d4d7ea64c.jpg,train/images/-31_png.rf.b54d6f1c24496e89e866536d4d7ea64c.jpg,2,대
C:\YANUS\lumos\train\images\-31_png.rf.da891c05b1c940e9981896a3172c802d.jpg,train/images/-31_png.rf.da891c05b1c940e9981896a3172c802d.jpg,2,대
C:\YANUS\lumos\train\images\-31_png.rf.ff56b94e0fed120205a9001ec69ae043.jpg,train/images/-31_png.rf.ff56b94e0fed120205a9001ec69ae043.jpg,2,대
C:\YANUS\lumos\train\images\-32_png.rf.14191feeb6a4e9e2e05d4b8aa738e9d2.jpg,train/images/-32_png.rf.14191feeb6a4e9e2e05d4b8aa738e9d2.jpg,2,대
C:\YANUS\lumos\train\images\-32_png.rf.249530f7086ed56e2f246d9305f04a98.jpg,train/images/-32_png.rf.249530f7086ed56e2f246d9305f04a98.jpg,2,대
C:\YANUS\lumos\train\images\-32_png.rf.62064b7ae3d8c872e6d3dce18116bb32.jpg,train/images/-32_png.rf.62064b7ae3d8c872e6d3dce18116bb32.jpg,2,대
C:\YANUS\lumos\train\images\-32_png.rf.6e379955c9e4480efbe5ccbfdc1cf453.jpg,train/images/-32_png.rf.6e379955c9e4480efbe5ccbfdc1cf453.jpg,2,대
C:\YANUS\lumos\train\images\-32_png.rf.8c6147f5764e6560a2f4a2c6e557c89e.jpg,train/images/-32_png.rf.8c6147f5764e6560a2f4a2c6e557c89e.jpg,2,대
C:\YANUS\lumos\train\images\-32_png.rf.e9a7bdff0cbb751eff8fc1cb937813df.jpg,train/images/-32_png.rf.e9a7bdff0cbb751eff8fc1cb937813df.jpg,2,대
C:\YANUS\lumos\train\images\-32_png.rf.ef05a7b0dedac02faed7a24f4eb2b611.jpg,train/images/-32_png.rf.ef05a7b0dedac02faed7a24f4eb2b611.jpg,2,대
C:\YANUS\lumos\train\images\-33_png.rf.0dd51d9efc86dbfc456b991f96a87451.jpg,train/images/-33_png.rf.0dd51d9efc86dbfc456b991f96a87451.jpg,2,대
C:\YANUS\lumos\train\images\-33_png.rf.1c1e8a33b827f1bf7110afedc42d1671.jpg,train/images/-33_png.rf.1c1e8a33b827f1bf7110afedc42d1671.jpg,2,대
C:\YANUS\lumos\train\images\-33_png.rf.c209e7efa759709655bee7f7d44975fe.jpg,train/images/-33_png.rf.c209e7efa759709655bee7f7d44975fe.jpg,2,대
C:\YANUS\lumos\train\images\-33_png.rf.c3ac1da6083c594fdadc359696b098a9.jpg,train/images/-33_png.rf.c3ac1da6083c594fdadc359696b098a9.jpg,2,대
C:\YANUS\lumos\train\images\-33_png.rf.cfe81c7841ab914e0850cbc0d3bc3114.jpg,train/images/-33_png.rf.cfe81c7841ab914e0850cbc0d3bc3114.jpg,0,소
C:\YANUS\lumos\train\images\-34-_png.rf.20a0994305c8f304d59088541c0cebab.jpg,train/images/-34-_png.rf.20a0994305c8f304d59088541c0cebab.jpg,2,대
C:\YANUS\lumos\train\images\-34_png.rf.1061de03c47b1209ae04d8ef6cf105cc.jpg,train/images/-34_png.rf.1061de03c47b1209ae04d8ef6cf105cc.jpg,2,대
C:\YANUS\lumos\train\images\-34_png.rf.9aeaf35101bf9208d32851e6e4f0003f.jpg,train/images/-34_png.rf.9aeaf35101bf9208d32851e6e4f0003f.jpg,1,중
C:\YANUS\lumos\train\images\-34_png.rf.db744e8ca9f31eee5618b8658140f495.jpg,train/images/-34_png.rf.db744e8ca9f31eee5618b8658140f495.jpg,2,대
C:\YANUS\lumos\train\images\-34_png.rf.e4a3bb567d410b2ebf7c210c220dbe57.jpg,train/images/-34_png.rf.e4a3bb567d410b2ebf7c210c220dbe57.jpg,2,대
C:\YANUS\lumos\train\images\-35_png.rf.49e5c11dc0914f65c0380b68c7075c75.jpg,train/images/-35_png.rf.49e5c11dc0914f65c0380b68c7075c75.jpg,0,소
C:\YANUS\lumos\train\images\-35_png.rf.7eab87609637a1ca54600f059f38400d.jpg,train/images/-35_png.rf.7eab87609637a1ca54600f059f38400d.jpg,2,대
C:\YANUS\lumos\train\images\-35_png.rf.9f6f64c6e8cc37da6a62c99df9f22c28.jpg,train/images/-35_png.rf.9f6f64c6e8cc37da6a62c99df9f22c28.jpg,2,대
C:\YANUS\lumos\train\images\-35_png.rf.b2c72a15697011aa4c2d526c54c6be7d.jpg,train/images/-35_png.rf.b2c72a15697011aa4c2d526c54c6be7d.jpg,2,대
C:\YANUS\lumos\train\images\-36_png.rf.373c2831120a536d006bf012cfc7962b.jpg,train/images/-36_png.rf.373c2831120a536d006bf012cfc7962b.jpg,2,대
C:\YANUS\lumos\train\images\-36_png.rf.87be53309abb05f26be16ae0b026414e.jpg,train/images/-36_png.rf.87be53309abb05f26be16ae0b026414e.jpg,2,대
C:\YANUS\lumos\train\images\-36_png.rf.aec7188378bbf1047f2135e38534f035.jpg,train/images/-36_png.rf.aec7188378bbf1047f2135e38534f035.jpg,2,대
C:\YANUS\lumos\train\images\-37_png.rf.699aa85f35ea5dd8db3e197da31903dd.jpg,train/images/-37_png.rf.699aa85f35ea5dd8db3e197da31903dd.jpg,2,대
C:\YANUS\lumos\train\images\-37_png.rf.f470e4dcea68e825bb51abdbebb367e3.jpg,train/images/-37_png.rf.f470e4dcea68e825bb51abdbebb367e3.jpg,2,대
C:\YANUS\lumos\train\images\-37_png.rf.fb6e34a2e89ebff744f076c20e5b2679.jpg,train/images/-37_png.rf.fb6e34a2e89ebff744f076c20e5b2679.jpg,1,중
C:\YANUS\lumos\train\images\-38_png.rf.590ef1898fad38591a522b61807557bb.jpg,train/images/-38_png.rf.590ef1898fad38591a522b61807557bb.jpg,2,대
C:\YANUS\lumos\train\images\-38_png.rf.83ebe9b1a93695a445da4fc4d4b44822.jpg,train/images/-38_png.rf.83ebe9b1a93695a445da4fc4d4b44822.jpg,2,대
C:\YANUS\lumos\train\images\-38_png.rf.c17a993623c4d32f48ba4326acdacbeb.jpg,train/images/-38_png.rf.c17a993623c4d32f48ba4326acdacbeb.jpg,2,대
C:\YANUS\lumos\train\images\-38_png.rf.efec1d7a3acc34b20008d4219568af6b.jpg,train/images/-38_png.rf.efec1d7a3acc34b20008d4219568af6b.jpg,2,대
C:\YANUS\lumos\train\images\-39_png.rf.92cb92fd4b9b0fad2a264a6e40a959e7.jpg,train/images/-39_png.rf.92cb92fd4b9b0fad2a264a6e40a959e7.jpg,2,대
C:\YANUS\lumos\train\images\-39_png.rf.fe4c167c21b2a111851433af4fb9e249.jpg,train/images/-39_png.rf.fe4c167c21b2a111851433af4fb9e249.jpg,2,대
C:\YANUS\lumos\train\images\-3_jpg.rf.a8133f45c9a364e9909ef8ceb705de60.jpg,train/images/-3_jpg.rf.a8133f45c9a364e9909ef8ceb705de60.jpg,1,중
C:\YANUS\lumos\train\images\-3_png.rf.0378ef9c3d953e8fdd5b1615b363eb86.jpg,train/images/-3_png.rf.0378ef9c3d953e8fdd5b1615b363eb86.jpg,2,대
C:\YANUS\lumos\train\images\-3_png.rf.0c293cc734ac0b042b4cdcb86003dee4.jpg,train/images/-3_png.rf.0c293cc734ac0b042b4cdcb86003dee4.jpg,2,대
C:\YANUS\lumos\train\images\-3_png.rf.0d5e5437a74fff2d1034570d7dec8e01.jpg,train/images/-3_png.rf.0d5e5437a74fff2d1034570d7dec8e01.jpg,2,대
C:\YANUS\lumos\train\images\-3_png.rf.1313ea8af6a53d64616a1f4850783f78.jpg,train/images/-3_png.rf.1313ea8af6a53d64616a1f4850783f78.jpg,2,대
C:\YANUS\lumos\train\images\-3_png.rf.14c8fc55ffde8c65c935151d9e086021.jpg,train/images/-3_png.rf.14c8fc55ffde8c65c935151d9e086021.jpg,0,소
C:\YANUS\lumos\train\images\-3_png.rf.1a74589af358f77c2671ec658278e333.jpg,train/images/-3_png.rf.1a74589af358f77c2671ec658278e333.jpg,2,대
C:\YANUS\lumos\train\images\-3_png.rf.1b13e5afec353db8ca6a7f99b4595dc9.jpg,train/images/-3_png.rf.1b13e5afec353db8ca6a7f99b4595dc9.jpg,2,대
C:\YANUS\lumos\train\images\-3_png.rf.203c4f126dede97e6dc043460e192d90.jpg,train/images/-3_png.rf.203c4f126dede97e6dc043460e192d90.jpg,2,대
C:\YANUS\lumos\train\images\-3_png.rf.2444ff4dfa706b455d5a524cf34ded20.jpg,train/images/-3_png.rf.2444ff4dfa706b455d5a524cf34ded20.jpg,0,소
C:\YANUS\lumos\train\images\-3_png.rf.26b8e762ef3a9231064400a250f0a2e2.jpg,train/images/-3_png.rf.26b8e762ef3a9231064400a250f0a2e2.jpg,2,대
C:\YANUS\lumos\train\images\-3_png.rf.303df31caa78738e54c278beaf94ae7a.jpg,train/images/-3_png.rf.303df31caa78738e54c278beaf94ae7a.jpg,1,중
C:\YANUS\lumos\train\images\-3_png.rf.30efb1d5ab4ca70912afc74502d4f3f1.jpg,train/images/-3_png.rf.30efb1d5ab4ca70912afc74502d4f3f1.jpg,2,대
C:\YANUS\lumos\train\images\-3_png.rf.3829e64f260ff30d79d0dad906a7fee8.jpg,train/images/-3_png.rf.3829e64f260ff30d79d0dad906a7fee8.jpg,2,대
C:\YANUS\lumos\train\images\-3_png.rf.433d76565c5ee10a7ba16d38c0f11c59.jpg,train/images/-3_png.rf.433d76565c5ee10a7ba16d38c0f11c59.jpg,2,대
C:\YANUS\lumos\train\images\-3_png.rf.4aaea022e2791f7bc5271c9e4b414168.jpg,train/images/-3_png.rf.4aaea022e2791f7bc5271c9e4b414168.jpg,1,중
C:\YANUS\lumos\train\images\-3_png.rf.4af9cc42b0f67776036a6c29850936b2.jpg,train/images/-3_png.rf.4af9cc42b0f67776036a6c29850936b2.jpg,2,대
C:\YANUS\lumos\train\images\-3_png.rf.55ef3b34ffaa031012139897a907dfd5.jpg,train/images/-3_png.rf.55ef3b34ffaa031012139897a907dfd5.jpg,1,중
C:\YANUS\lumos\train\images\-3_png.rf.5badaf461a4e83e5e9d72a0e2f5e6e23.jpg,train/images/-3_png.rf.5badaf461a4e83e5e9d72a0e2f5e6e23.jpg,2,대
C:\YANUS\lumos\train\images\-3_png.rf.5d2fc6032c2080706a29549d1efb1034.jpg,train/images/-3_png.rf.5d2fc6032c2080706a29549d1efb1034.jpg,2,대
C:\YANUS\lumos\train\images\-3_png.rf.5fbe1ff37cc48d903af665f0dd929905.jpg,train/images/-3_png.rf.5fbe1ff37cc48d903af665f0dd929905.jpg,2,대
C:\YANUS\lumos\train\images\-3_png.rf.608851dfd0bda772f93ea47deefb7b81.jpg,train/images/-3_png.rf.608851dfd0bda772f93ea47deefb7b81.jpg,2,대
C:\YANUS\lumos\train\images\-3_png.rf.60e242233575ddcc2da9cb79e3ab4fb7.jpg,train/images/-3_png.rf.60e242233575ddcc2da9cb79e3ab4fb7.jpg,2,대
C:\YANUS\lumos\train\images\-3_png.rf.6554bd17ced2bdd92c99b334a6a311d8.jpg,train/images/-3_png.rf.6554bd17ced2bdd92c99b334a6a311d8.jpg,2,대
C:\YANUS\lumos\train\images\-3_png.rf.67b01d747ecfde5aa781f23f7b67f824.jpg,train/images/-3_png.rf.67b01d747ecfde5aa781f23f7b67f824.jpg,2,대
C:\YANUS\lumos\train\images\-3_png.rf.7ae180f275934b89ed71d617b152d196.jpg,train/images/-3_png.rf.7ae180f275934b89ed71d617b152d196.jpg,2,대
C:\YANUS\lumos\train\images\-3_png.rf.8dab78784f9b8f9478040acb9e9d92a0.jpg,train/images/-3_png.rf.8dab78784f9b8f9478040acb9e9d92a0.jpg,1,중
C:\YANUS\lumos\train\images\-3_png.rf.8ea3d7b1a02249460b073246ffcaea3e.jpg,train/images/-3_png.rf.8ea3d7b1a02249460b073246ffcaea3e.jpg,2,대
C:\YANUS\lumos\train\images\-3_png.rf.904e97b2cf5b8ed0cdc029151d8d0526.jpg,train/images/-3_png.rf.904e97b2cf5b8ed0cdc029151d8d0526.jpg,2,대
C:\YANUS\lumos\train\images\-3_png.rf.9512c267c1122b32d0a171bcccb8aeaa.jpg,train/images/-3_png.rf.9512c267c1122b32d0a171bcccb8aeaa.jpg,2,대
C:\YANUS\lumos\train\images\-3_png.rf.9d85235d61604e80468ba101fd81eb51.jpg,train/images/-3_png.rf.9d85235d61604e80468ba101fd81eb51.jpg,2,대
C:\YANUS\lumos\train\images\-3_png.rf.a0410cfa436814f340427cb956bfa8f0.jpg,train/images/-3_png.rf.a0410cfa436814f340427cb956bfa8f0.jpg,2,대
C:\YANUS\lumos\train\images\-3_png.rf.ad492fd2fd3248735fb31e007d1670b1.jpg,train/images/-3_png.rf.ad492fd2fd3248735fb31e007d1670b1.jpg,0,소
C:\YANUS\lumos\train\images\-3_png.rf.af6cd72ed1787c9959bd4828398bc17c.jpg,train/images/-3_png.rf.af6cd72ed1787c9959bd4828398bc17c.jpg,2,대
C:\YANUS\lumos\train\images\-3_png.rf.b2c2f1eba025d443e4218a7e767f20f5.jpg,train/images/-3_png.rf.b2c2f1eba025d443e4218a7e767f20f5.jpg,2,대
C:\YANUS\lumos\train\images\-3_png.rf.b9a8cdb448e6f937aea51958b1c54c17.jpg,train/images/-3_png.rf.b9a8cdb448e6f937aea51958b1c54c17.jpg,2,대
C:\YANUS\lumos\train\images\-3_png.rf.c051424e46a09881a7ba4d25010111b6.jpg,train/images/-3_png.rf.c051424e46a09881a7ba4d25010111b6.jpg,0,소
C:\YANUS\lumos\train\images\-3_png.rf.c1cff4ae44da3350c2ad23a3e3cb5181.jpg,train/images/-3_png.rf.c1cff4ae44da3350c2ad23a3e3cb5181.jpg,2,대
C:\YANUS\lumos\train\images\-3_png.rf.c3fc3c5a9dee6365ea742e11c7fc4a5a.jpg,train/images/-3_png.rf.c3fc3c5a9dee6365ea742e11c7fc4a5a.jpg,2,대
C:\YANUS\lumos\train\images\-3_png.rf.d42ac24f6ae0b5d554383b227489b532.jpg,train/images/-3_png.rf.d42ac24f6ae0b5d554383b227489b532.jpg,2,대
C:\YANUS\lumos\train\images\-3_png.rf.de04d601b429cb652177e5c4c92ef9ea.jpg,train/images/-3_png.rf.de04d601b429cb652177e5c4c92ef9ea.jpg,2,대
C:\YANUS\lumos\train\images\-3_png.rf.de2476907cf755500a3fc499f807e94a.jpg,train/images/-3_png.rf.de2476907cf755500a3fc499f807e94a.jpg,2,대
C:\YANUS\lumos\train\images\-3_png.rf.dfb36dcecf5bb6222ea9a3c0bcbdc5f7.jpg,train/images/-3_png.rf.dfb36dcecf5bb6222ea9a3c0bcbdc5f7.jpg,2,대
C:\YANUS\lumos\train\images\-3_png.rf.e61ab9812f5bf32c22659bf4d847f8ef.jpg,train/images/-3_png.rf.e61ab9812f5bf32c22659bf4d847f8ef.jpg,2,대
C:\YANUS\lumos\train\images\-3_png.rf.e9aa4aadd951e9498b7c13de4ceb9eca.jpg,train/images/-3_png.rf.e9aa4aadd951e9498b7c13de4ceb9eca.jpg,2,대
C:\YANUS\lumos\train\images\-3_png.rf.ea554c550aa621141725c5b5e6c074f0.jpg,train/images/-3_png.rf.ea554c550aa621141725c5b5e6c074f0.jpg,0,소
C:\YANUS\lumos\train\images\-3_png.rf.f027ca9d6889dfe090c2fdb631be1e1f.jpg,train/images/-3_png.rf.f027ca9d6889dfe090c2fdb631be1e1f.jpg,1,중
C:\YANUS\lumos\train\images\-3_png.rf.f2945756ac1f65493d5833d0cca217ed.jpg,train/images/-3_png.rf.f2945756ac1f65493d5833d0cca217ed.jpg,2,대
C:\YANUS\lumos\train\images\-3_png.rf.f5e471db6acc78c0efe0bdeab40ddbda.jpg,train/images/-3_png.rf.f5e471db6acc78c0efe0bdeab40ddbda.jpg,2,대
C:\YANUS\lumos\train\images\-3_png.rf.f804586aa103aedab374a1527e799662.jpg,train/images/-3_png.rf.f804586aa103aedab374a1527e799662.jpg,2,대
C:\YANUS\lumos\train\images\-3_png.rf.f9b5f55c194b1833aa86f9d7c2275e11.jpg,train/images/-3_png.rf.f9b5f55c194b1833aa86f9d7c2275e11.jpg,2,대
C:\YANUS\lumos\train\images\-3_png.rf.fa69b903cb54121b216f1274c81507ed.jpg,train/images/-3_png.rf.fa69b903cb54121b216f1274c81507ed.jpg,2,대
C:\YANUS\lumos\train\images\-40_png.rf.862e8fc8470d27c2d82753664630cd2b.jpg,train/images/-40_png.rf.862e8fc8470d27c2d82753664630cd2b.jpg,2,대
C:\YANUS\lumos\train\images\-40_png.rf.afeba0571de591e37bc992e7d4173dbe.jpg,train/images/-40_png.rf.afeba0571de591e37bc992e7d4173dbe.jpg,2,대
C:\YANUS\lumos\train\images\-40_png.rf.fc6573cacb2ff6818a0ed71c933db3c7.jpg,train/images/-40_png.rf.fc6573cacb2ff6818a0ed71c933db3c7.jpg,2,대
C:\YANUS\lumos\train\images\-42_png.rf.f1f5b4b2ceb30033d108b68719387fab.jpg,train/images/-42_png.rf.f1f5b4b2ceb30033d108b68719387fab.jpg,2,대
C:\YANUS\lumos\train\images\-43_png.rf.13514fe524657b86004f0a10bc5ffaaa.jpg,train/images/-43_png.rf.13514fe524657b86004f0a10bc5ffaaa.jpg,1,중
C:\YANUS\lumos\train\images\-43_png.rf.446d287bceba54f8ec2749ecccc0f29e.jpg,train/images/-43_png.rf.446d287bceba54f8ec2749ecccc0f29e.jpg,1,중
C:\YANUS\lumos\train\images\-44_png.rf.bb09b494e84ec4f7e39eefb60ce33f58.jpg,train/images/-44_png.rf.bb09b494e84ec4f7e39eefb60ce33f58.jpg,2,대
C:\YANUS\lumos\train\images\-4_jpg.rf.86bb85c12c77aceb3010ab516fa865dc.jpg,train/images/-4_jpg.rf.86bb85c12c77aceb3010ab516fa865dc.jpg,0,소
C:\YANUS\lumos\train\images\-4_png.rf.1116ae5c76e259c54d5851b2cb908225.jpg,train/images/-4_png.rf.1116ae5c76e259c54d5851b2cb908225.jpg,2,대
C:\YANUS\lumos\train\images\-4_png.rf.1614598f40e41a9dbaeb911ef8087bbb.jpg,train/images/-4_png.rf.1614598f40e41a9dbaeb911ef8087bbb.jpg,2,대
C:\YANUS\lumos\train\images\-4_png.rf.1706edb1d6b9724aac7d8ba4f2468927.jpg,train/images/-4_png.rf.1706edb1d6b9724aac7d8ba4f2468927.jpg,2,대
C:\YANUS\lumos\train\images\-4_png.rf.17a8f5b49e5262f2acac448e9750c670.jpg,train/images/-4_png.rf.17a8f5b49e5262f2acac448e9750c670.jpg,1,중
C:\YANUS\lumos\train\images\-4_png.rf.1ab8fe08f9ae7e29c82dbdc74e5ebc30.jpg,train/images/-4_png.rf.1ab8fe08f9ae7e29c82dbdc74e5ebc30.jpg,2,대
C:\YANUS\lumos\train\images\-4_png.rf.2a3b679730ea146b89a796e19de94b1e.jpg,train/images/-4_png.rf.2a3b679730ea146b89a796e19de94b1e.jpg,2,대
C:\YANUS\lumos\train\images\-4_png.rf.2d26ab3fbc9bc98be8a26612e6c31dfb.jpg,train/images/-4_png.rf.2d26ab3fbc9bc98be8a26612e6c31dfb.jpg,2,대
C:\YANUS\lumos\train\images\-4_png.rf.32a7b7c19f403956cf66683b74997fa3.jpg,train/images/-4_png.rf.32a7b7c19f403956cf66683b74997fa3.jpg,2,대
C:\YANUS\lumos\train\images\-4_png.rf.367b99b9d7fdd72e02e030940eee8723.jpg,train/images/-4_png.rf.367b99b9d7fdd72e02e030940eee8723.jpg,1,중
C:\YANUS\lumos\train\images\-4_png.rf.46d77c303e4cc91788a27917741a935f.jpg,train/images/-4_png.rf.46d77c303e4cc91788a27917741a935f.jpg,2,대
C:\YANUS\lumos\train\images\-4_png.rf.4b8987b9461dd1baba4cd8ae7f273ca8.jpg,train/images/-4_png.rf.4b8987b9461dd1baba4cd8ae7f273ca8.jpg,2,대
C:\YANUS\lumos\train\images\-4_png.rf.56efeba466cb111b0ea6a40c81069f76.jpg,train/images/-4_png.rf.56efeba466cb111b0ea6a40c81069f76.jpg,0,소
C:\YANUS\lumos\train\images\-4_png.rf.585d29592b067a71732eb1dfece9185f.jpg,train/images/-4_png.rf.585d29592b067a71732eb1dfece9185f.jpg,0,소
C:\YANUS\lumos\train\images\-4_png.rf.5a7e15587a9bc7617aa291e26fde6a4f.jpg,train/images/-4_png.rf.5a7e15587a9bc7617aa291e26fde6a4f.jpg,2,대
C:\YANUS\lumos\train\images\-4_png.rf.5e51a319c2f0e3ba205fe91e2e733403.jpg,train/images/-4_png.rf.5e51a319c2f0e3ba205fe91e2e733403.jpg,2,대
C:\YANUS\lumos\train\images\-4_png.rf.633bc8af00473ac519ae055e3a14620b.jpg,train/images/-4_png.rf.633bc8af00473ac519ae055e3a14620b.jpg,0,소
C:\YANUS\lumos\train\images\-4_png.rf.6b73e54c75fe77192b34ce6c3c209822.jpg,train/images/-4_png.rf.6b73e54c75fe77192b34ce6c3c209822.jpg,1,중
C:\YANUS\lumos\train\images\-4_png.rf.6eb867c27aa3fbb903dbfe157223c5d0.jpg,train/images/-4_png.rf.6eb867c27aa3fbb903dbfe157223c5d0.jpg,2,대
C:\YANUS\lumos\train\images\-4_png.rf.6ee62c1ddeaa69c1da3b404eb2b11018.jpg,train/images/-4_png.rf.6ee62c1ddeaa69c1da3b404eb2b11018.jpg,2,대
C:\YANUS\lumos\train\images\-4_png.rf.70a85ef93e04d116312427fef2bb13ac.jpg,train/images/-4_png.rf.70a85ef93e04d116312427fef2bb13ac.jpg,2,대
C:\YANUS\lumos\train\images\-4_png.rf.7bb5821dd59cbb83f74c39027e1ac8b6.jpg,train/images/-4_png.rf.7bb5821dd59cbb83f74c39027e1ac8b6.jpg,2,대
C:\YANUS\lumos\train\images\-4_png.rf.7fd2298fe102d0393de6e5dfedb58249.jpg,train/images/-4_png.rf.7fd2298fe102d0393de6e5dfedb58249.jpg,2,대
C:\YANUS\lumos\train\images\-4_png.rf.8866503262971a14aad02a870f0cccc9.jpg,train/images/-4_png.rf.8866503262971a14aad02a870f0cccc9.jpg,2,대
C:\YANUS\lumos\train\images\-4_png.rf.9be48aa231cf17580d47d82fb35b3ea5.jpg,train/images/-4_png.rf.9be48aa231cf17580d47d82fb35b3ea5.jpg,2,대
C:\YANUS\lumos\train\images\-4_png.rf.a0e051547ccbe01aa90d612333439abf.jpg,train/images/-4_png.rf.a0e051547ccbe01aa90d612333439abf.jpg,1,중
C:\YANUS\lumos\train\images\-4_png.rf.a57efe3d198500c9aaa0a77bb723ce5c.jpg,train/images/-4_png.rf.a57efe3d198500c9aaa0a77bb723ce5c.jpg,1,중
C:\YANUS\lumos\train\images\-4_png.rf.a61cf331b1f2488c84f98850280d0780.jpg,train/images/-4_png.rf.a61cf331b1f2488c84f98850280d0780.jpg,2,대
C:\YANUS\lumos\train\images\-4_png.rf.aa8fb2fd4736f3335b2f6911f14c4cd2.jpg,train/images/-4_png.rf.aa8fb2fd4736f3335b2f6911f14c4cd2.jpg,2,대
C:\YANUS\lumos\train\images\-4_png.rf.b2fbbe86ea07d6a1dc3df18f999e21a6.jpg,train/images/-4_png.rf.b2fbbe86ea07d6a1dc3df18f999e21a6.jpg,1,중
C:\YANUS\lumos\train\images\-4_png.rf.b94e9a085d77c3f0433fa605b793f472.jpg,train/images/-4_png.rf.b94e9a085d77c3f0433fa605b793f472.jpg,2,대
C:\YANUS\lumos\train\images\-4_png.rf.bfb895589bc14f06aaa2b07dc2d6c57a.jpg,train/images/-4_png.rf.bfb895589bc14f06aaa2b07dc2d6c57a.jpg,2,대
C:\YANUS\lumos\train\images\-4_png.rf.c00cb50f0765dd6a20941e3e41c430c2.jpg,train/images/-4_png.rf.c00cb50f0765dd6a20941e3e41c430c2.jpg,2,대
C:\YANUS\lumos\train\images\-4_png.rf.c01ff3d816cd48907eedeb025ba34565.jpg,train/images/-4_png.rf.c01ff3d816cd48907eedeb025ba34565.jpg,1,중
C:\YANUS\lumos\train\images\-4_png.rf.c5ccea571454ab4f18ae3af086490dfd.jpg,train/images/-4_png.rf.c5ccea571454ab4f18ae3af086490dfd.jpg,1,중
C:\YANUS\lumos\train\images\-4_png.rf.cb799603a2899b305936e79ff31ebdbb.jpg,train/images/-4_png.rf.cb799603a2899b305936e79ff31ebdbb.jpg,1,중
C:\YANUS\lumos\train\images\-4_png.rf.cd7752438d6c23d6c72519f73e14f2c4.jpg,train/images/-4_png.rf.cd7752438d6c23d6c72519f73e14f2c4.jpg,2,대
C:\YANUS\lumos\train\images\-4_png.rf.ce6c4e18243d7cc70f46fa395ba5569c.jpg,train/images/-4_png.rf.ce6c4e18243d7cc70f46fa395ba5569c.jpg,2,대
C:\YANUS\lumos\train\images\-4_png.rf.d1891715c59eab87e8f89a245f376917.jpg,train/images/-4_png.rf.d1891715c59eab87e8f89a245f376917.jpg,2,대
C:\YANUS\lumos\train\images\-4_png.rf.d3a09361dc54d71d89faf964bde0161f.jpg,train/images/-4_png.rf.d3a09361dc54d71d89faf964bde0161f.jpg,2,대
C:\YANUS\lumos\train\images\-4_png.rf.e08d3f8683ae15e438ca1ff37522cdc0.jpg,train/images/-4_png.rf.e08d3f8683ae15e438ca1ff37522cdc0.jpg,2,대
C:\YANUS\lumos\train\images\-4_png.rf.e77129197b75b712601029418a44ecf9.jpg,train/images/-4_png.rf.e77129197b75b712601029418a44ecf9.jpg,0,소
C:\YANUS\lumos\train\images\-4_png.rf.f06426b2d4e52d96e12eb84a0057b7f0.jpg,train/images/-4_png.rf.f06426b2d4e52d96e12eb84a0057b7f0.jpg,2,대
C:\YANUS\lumos\train\images\-4_png.rf.f10e5c60f7ca43d73a604c7530846c29.jpg,train/images/-4_png.rf.f10e5c60f7ca43d73a604c7530846c29.jpg,2,대
C:\YANUS\lumos\train\images\-4_png.rf.f327bfa0d5120f8af43b41e3202875a2.jpg,train/images/-4_png.rf.f327bfa0d5120f8af43b41e3202875a2.jpg,2,대
C:\YANUS\lumos\train\images\-4_png.rf.f39fee76b3ea6b68fa6d376f831b9131.jpg,train/images/-4_png.rf.f39fee76b3ea6b68fa6d376f831b9131.jpg,2,대
C:\YANUS\lumos\train\images\-4_png.rf.f6694a5e9460b62f1fd7ee2caf162d15.jpg,train/images/-4_png.rf.f6694a5e9460b62f1fd7ee2caf162d15.jpg,2,대
C:\YANUS\lumos\train\images\-4_png.rf.f9d2f054a3f6b88186528f09c2cf8901.jpg,train/images/-4_png.rf.f9d2f054a3f6b88186528f09c2cf8901.jpg,2,대
C:\YANUS\lumos\train\images\-4_png.rf.fd0262592d272979ea2cf3d6c84f0b18.jpg,train/images/-4_png.rf.fd0262592d272979ea2cf3d6c84f0b18.jpg,2,대
C:\YANUS\lumos\train\images\-50_png.rf.16ec26f8ab8b4afa3c4aab46982f3cc1.jpg,train/images/-50_png.rf.16ec26f8ab8b4afa3c4aab46982f3cc1.jpg,2,대
C:\YANUS\lumos\train\images\-59_png.rf.fa2a31b9c0f359ab2d19dab635fb2b01.jpg,train/images/-59_png.rf.fa2a31b9c0f359ab2d19dab635fb2b01.jpg,2,대
C:\YANUS\lumos\train\images\-5_png.rf.005932cfaf5e667650ba8963ad040299.jpg,train/images/-5_png.rf.005932cfaf5e667650ba8963ad040299.jpg,2,대
C:\YANUS\lumos\train\images\-5_png.rf.01bddca06badf6e14e6da333fb978ff5.jpg,train/images/-5_png.rf.01bddca06badf6e14e6da333fb978ff5.jpg,2,대
C:\YANUS\lumos\train\images\-5_png.rf.029a83ad321bca6a56d654bce6c36d88.jpg,train/images/-5_png.rf.029a83ad321bca6a56d654bce6c36d88.jpg,2,대
C:\YANUS\lumos\train\images\-5_png.rf.0b5634d23ec22b88c8a3f8bed6ed632f.jpg,train/images/-5_png.rf.0b5634d23ec22b88c8a3f8bed6ed632f.jpg,2,대
C:\YANUS\lumos\train\images\-5_png.rf.12e342862bc818fa0533741674aa4efd.jpg,train/images/-5_png.rf.12e342862bc818fa0533741674aa4efd.jpg,2,대
C:\YANUS\lumos\train\images\-5_png.rf.1bfa691b9642a0c29e68faaf7454018b.jpg,train/images/-5_png.rf.1bfa691b9642a0c29e68faaf7454018b.jpg,2,대
C:\YANUS\lumos\train\images\-5_png.rf.1e3d1b4b7f8b7b812686ee30523b99fa.jpg,train/images/-5_png.rf.1e3d1b4b7f8b7b812686ee30523b99fa.jpg,2,대
C:\YANUS\lumos\train\images\-5_png.rf.23ce6483f6dc3b8e6ff8d6e35a69e1fc.jpg,train/images/-5_png.rf.23ce6483f6dc3b8e6ff8d6e35a69e1fc.jpg,2,대
C:\YANUS\lumos\train\images\-5_png.rf.28ee5993b6326afa74ed595d394027ea.jpg,train/images/-5_png.rf.28ee5993b6326afa74ed595d394027ea.jpg,2,대
C:\YANUS\lumos\train\images\-5_png.rf.32b6f7b1248be684f61e1c10373d2bc1.jpg,train/images/-5_png.rf.32b6f7b1248be684f61e1c10373d2bc1.jpg,2,대
C:\YANUS\lumos\train\images\-5_png.rf.388748b9b30e571e10d51b8303c6e6d6.jpg,train/images/-5_png.rf.388748b9b30e571e10d51b8303c6e6d6.jpg,1,중
C:\YANUS\lumos\train\images\-5_png.rf.3be4b1c038d5a953a202d15ce92c6db1.jpg,train/images/-5_png.rf.3be4b1c038d5a953a202d15ce92c6db1.jpg,2,대
C:\YANUS\lumos\train\images\-5_png.rf.3c44eaea53d5cb3627cacc42d29553bd.jpg,train/images/-5_png.rf.3c44eaea53d5cb3627cacc42d29553bd.jpg,2,대
C:\YANUS\lumos\train\images\-5_png.rf.3d1b2b61d5402af2d20c007e788705bc.jpg,train/images/-5_png.rf.3d1b2b61d5402af2d20c007e788705bc.jpg,2,대
C:\YANUS\lumos\train\images\-5_png.rf.404071c1b3e82201ba11409f1d457078.jpg,train/images/-5_png.rf.404071c1b3e82201ba11409f1d457078.jpg,2,대
C:\YANUS\lumos\train\images\-5_png.rf.4cd7fbbc4e24cd48c19d5a57c7e502cc.jpg,train/images/-5_png.rf.4cd7fbbc4e24cd48c19d5a57c7e502cc.jpg,2,대
C:\YANUS\lumos\train\images\-5_png.rf.59e147bc95e1dca3aaaefcb8d586715c.jpg,train/images/-5_png.rf.59e147bc95e1dca3aaaefcb8d586715c.jpg,2,대
C:\YANUS\lumos\train\images\-5_png.rf.5d3734460244c7afca06428258f4617f.jpg,train/images/-5_png.rf.5d3734460244c7afca06428258f4617f.jpg,2,대
C:\YANUS\lumos\train\images\-5_png.rf.644e11d5510dbfb21d99fa80f540a2b2.jpg,train/images/-5_png.rf.644e11d5510dbfb21d99fa80f540a2b2.jpg,2,대
C:\YANUS\lumos\train\images\-5_png.rf.66301d6cd0b43fb02ac64ecdc34f8a13.jpg,train/images/-5_png.rf.66301d6cd0b43fb02ac64ecdc34f8a13.jpg,2,대
C:\YANUS\lumos\train\images\-5_png.rf.672b901edfdda87ddbf0192bd0e1d145.jpg,train/images/-5_png.rf.672b901edfdda87ddbf0192bd0e1d145.jpg,2,대
C:\YANUS\lumos\train\images\-5_png.rf.6f0839d9087e214dddc950f521de38e2.jpg,train/images/-5_png.rf.6f0839d9087e214dddc950f521de38e2.jpg,2,대
C:\YANUS\lumos\train\images\-5_png.rf.754daacc590079c2e1ad3a17b012005b.jpg,train/images/-5_png.rf.754daacc590079c2e1ad3a17b012005b.jpg,2,대
C:\YANUS\lumos\train\images\-5_png.rf.785eaf6d40ab96fd7fcb2806bb41b2f8.jpg,train/images/-5_png.rf.785eaf6d40ab96fd7fcb2806bb41b2f8.jpg,2,대
C:\YANUS\lumos\train\images\-5_png.rf.847b517a775bc95ccb460b055862e922.jpg,train/images/-5_png.rf.847b517a775bc95ccb460b055862e922.jpg,2,대
C:\YANUS\lumos\train\images\-5_png.rf.93377165da8ceafaa0efa073ae859241.jpg,train/images/-5_png.rf.93377165da8ceafaa0efa073ae859241.jpg,2,대
C:\YANUS\lumos\train\images\-5_png.rf.9777e0b966ed5830d84111f5a34a34da.jpg,train/images/-5_png.rf.9777e0b966ed5830d84111f5a34a34da.jpg,2,대
C:\YANUS\lumos\train\images\-5_png.rf.aec62b866eb9c5dd25068288aaa09fca.jpg,train/images/-5_png.rf.aec62b866eb9c5dd25068288aaa09fca.jpg,2,대
C:\YANUS\lumos\train\images\-5_png.rf.b932857e8ff3207856178fbe932970af.jpg,train/images/-5_png.rf.b932857e8ff3207856178fbe932970af.jpg,2,대
C:\YANUS\lumos\train\images\-5_png.rf.bb28c19f8ebb24b45d3313f9aa31463c.jpg,train/images/-5_png.rf.bb28c19f8ebb24b45d3313f9aa31463c.jpg,0,소
C:\YANUS\lumos\train\images\-5_png.rf.bbdcc99208116a06327bfa09eeafdbf1.jpg,train/images/-5_png.rf.bbdcc99208116a06327bfa09eeafdbf1.jpg,2,대
C:\YANUS\lumos\train\images\-5_png.rf.bcae569662a43db62a6ef5a22f596a67.jpg,train/images/-5_png.rf.bcae569662a43db62a6ef5a22f596a67.jpg,2,대
C:\YANUS\lumos\train\images\-5_png.rf.c05c15a67cd1e160ba1f3e81685b9dd7.jpg,train/images/-5_png.rf.c05c15a67cd1e160ba1f3e81685b9dd7.jpg,2,대
C:\YANUS\lumos\train\images\-5_png.rf.c1310f66e5ef78a95cfb4ab87de9497d.jpg,train/images/-5_png.rf.c1310f66e5ef78a95cfb4ab87de9497d.jpg,2,대
C:\YANUS\lumos\train\images\-5_png.rf.e0f8e404eb9f0080be4cc276bec5d2b2.jpg,train/images/-5_png.rf.e0f8e404eb9f0080be4cc276bec5d2b2.jpg,2,대
C:\YANUS\lumos\train\images\-5_png.rf.e117d911abbe14ea4a30868e32dfc51f.jpg,train/images/-5_png.rf.e117d911abbe14ea4a30868e32dfc51f.jpg,2,대
C:\YANUS\lumos\train\images\-5_png.rf.e21945d42a385fa4755f26d7645dc517.jpg,train/images/-5_png.rf.e21945d42a385fa4755f26d7645dc517.jpg,2,대
C:\YANUS\lumos\train\images\-5_png.rf.e4031c57413216748ed4f152a02a65c4.jpg,train/images/-5_png.rf.e4031c57413216748ed4f152a02a65c4.jpg,2,대
C:\YANUS\lumos\train\images\-5_png.rf.ef78a81569b219c12f38125954f1187f.jpg,train/images/-5_png.rf.ef78a81569b219c12f38125954f1187f.jpg,2,대
C:\YANUS\lumos\train\images\-5_png.rf.f65b3ebb94d86e5760d134116e2b9124.jpg,train/images/-5_png.rf.f65b3ebb94d86e5760d134116e2b9124.jpg,1,중
C:\YANUS\lumos\train\images\-5_png.rf.fd83b2565935feb721bfeb1c3701df30.jpg,train/images/-5_png.rf.fd83b2565935feb721bfeb1c3701df30.jpg,2,대
C:\YANUS\lumos\train\images\-5_png.rf.fddc3812ab6582d20c42fee0d77b627c.jpg,train/images/-5_png.rf.fddc3812ab6582d20c42fee0d77b627c.jpg,2,대
C:\YANUS\lumos\train\images\-60_png.rf.1b67cd0552f646d159ec4f7151f581e8.jpg,train/images/-60_png.rf.1b67cd0552f646d159ec4f7151f581e8.jpg,2,대
C:\YANUS\lumos\train\images\-61_png.rf.b40d345a0852c932ba65d1184b6f2423.jpg,train/images/-61_png.rf.b40d345a0852c932ba65d1184b6f2423.jpg,2,대
C:\YANUS\lumos\train\images\-62_png.rf.7c114f290c9e569cdde14e7ce7634b77.jpg,train/images/-62_png.rf.7c114f290c9e569cdde14e7ce7634b77.jpg,2,대
C:\YANUS\lumos\train\images\-63_png.rf.7e80e36036258106bf1903bcbc24cd9e.jpg,train/images/-63_png.rf.7e80e36036258106bf1903bcbc24cd9e.jpg,2,대
C:\YANUS\lumos\train\images\-64_png.rf.fc0853567091be2870380fad3abb3a54.jpg,train/images/-64_png.rf.fc0853567091be2870380fad3abb3a54.jpg,2,대
C:\YANUS\lumos\train\images\-6_png.rf.0a70e37fcc1fb5aeff00cde7e8767378.jpg,train/images/-6_png.rf.0a70e37fcc1fb5aeff00cde7e8767378.jpg,0,소
C:\YANUS\lumos\train\images\-6_png.rf.138f1519bd4a4cf20a924d5260a4dc9a.jpg,train/images/-6_png.rf.138f1519bd4a4cf20a924d5260a4dc9a.jpg,2,대
C:\YANUS\lumos\train\images\-6_png.rf.1c0912990ef27ca944aeaf6a2cb9b8fe.jpg,train/images/-6_png.rf.1c0912990ef27ca944aeaf6a2cb9b8fe.jpg,0,소
C:\YANUS\lumos\train\images\-6_png.rf.1c69c6424cb9dffa0bcc79e32e8c50d0.jpg,train/images/-6_png.rf.1c69c6424cb9dffa0bcc79e32e8c50d0.jpg,2,대
C:\YANUS\lumos\train\images\-6_png.rf.1cb7f8fdb52c42130ea9e9af79abf7a3.jpg,train/images/-6_png.rf.1cb7f8fdb52c42130ea9e9af79abf7a3.jpg,1,중
C:\YANUS\lumos\train\images\-6_png.rf.1ec557e4424945452a4b252ec2f7cff0.jpg,train/images/-6_png.rf.1ec557e4424945452a4b252ec2f7cff0.jpg,2,대
C:\YANUS\lumos\train\images\-6_png.rf.2738534ea51ae5b4a4029f2d148fe478.jpg,train/images/-6_png.rf.2738534ea51ae5b4a4029f2d148fe478.jpg,2,대
C:\YANUS\lumos\train\images\-6_png.rf.2897f7176ae9b0b98fa2513b73e9bfbe.jpg,train/images/-6_png.rf.2897f7176ae9b0b98fa2513b73e9bfbe.jpg,2,대
C:\YANUS\lumos\train\images\-6_png.rf.49cd6252edc41b39a37baf026d63ac09.jpg,train/images/-6_png.rf.49cd6252edc41b39a37baf026d63ac09.jpg,2,대
C:\YANUS\lumos\train\images\-6_png.rf.5525e69414ef79e2a4211e37437aedc3.jpg,train/images/-6_png.rf.5525e69414ef79e2a4211e37437aedc3.jpg,2,대
C:\YANUS\lumos\train\images\-6_png.rf.58dee4559c9bfb1a763a5015ec19471a.jpg,train/images/-6_png.rf.58dee4559c9bfb1a763a5015ec19471a.jpg,2,대
C:\YANUS\lumos\train\images\-6_png.rf.5bb268f80187dd37c90961101e49a072.jpg,train/images/-6_png.rf.5bb268f80187dd37c90961101e49a072.jpg,2,대
C:\YANUS\lumos\train\images\-6_png.rf.5de874986b32fd78bfe5f1b71c0038e4.jpg,train/images/-6_png.rf.5de874986b32fd78bfe5f1b71c0038e4.jpg,2,대
C:\YANUS\lumos\train\images\-6_png.rf.602d57d9b418d3bf5bdb3a7f14f18faa.jpg,train/images/-6_png.rf.602d57d9b418d3bf5bdb3a7f14f18faa.jpg,2,대
C:\YANUS\lumos\train\images\-6_png.rf.73e82e707ee5ff692a8868664ef0e6d0.jpg,train/images/-6_png.rf.73e82e707ee5ff692a8868664ef0e6d0.jpg,2,대
C:\YANUS\lumos\train\images\-6_png.rf.7864b567a1718c4066e7981fd8fe3aa6.jpg,train/images/-6_png.rf.7864b567a1718c4066e7981fd8fe3aa6.jpg,2,대
C:\YANUS\lumos\train\images\-6_png.rf.7d2deca91416bf254fdf16746715e197.jpg,train/images/-6_png.rf.7d2deca91416bf254fdf16746715e197.jpg,1,중
C:\YANUS\lumos\train\images\-6_png.rf.81055958cbc1609b4bcdc962d393da03.jpg,train/images/-6_png.rf.81055958cbc1609b4bcdc962d393da03.jpg,1,중
C:\YANUS\lumos\train\images\-6_png.rf.8972c7b68f716895459f164ba9b9980b.jpg,train/images/-6_png.rf.8972c7b68f716895459f164ba9b9980b.jpg,0,소
C:\YANUS\lumos\train\images\-6_png.rf.8c362f69c0059db35f27c13ff6144c38.jpg,train/images/-6_png.rf.8c362f69c0059db35f27c13ff6144c38.jpg,0,소
C:\YANUS\lumos\train\images\-6_png.rf.8d9889a0e3e1132439d26fd80bdff975.jpg,train/images/-6_png.rf.8d9889a0e3e1132439d26fd80bdff975.jpg,2,대
C:\YANUS\lumos\train\images\-6_png.rf.97839a5d02ba622c99e9078d3d08309d.jpg,train/images/-6_png.rf.97839a5d02ba622c99e9078d3d08309d.jpg,2,대
C:\YANUS\lumos\train\images\-6_png.rf.9ea8bc9cfbc4bf6d82a117107ba21612.jpg,train/images/-6_png.rf.9ea8bc9cfbc4bf6d82a117107ba21612.jpg,0,소
C:\YANUS\lumos\train\images\-6_png.rf.a5baa2d18589fe70130c1f342ea7f913.jpg,train/images/-6_png.rf.a5baa2d18589fe70130c1f342ea7f913.jpg,0,소
C:\YANUS\lumos\train\images\-6_png.rf.a9fbefdd9c057b81b3ef1f4a13739d0d.jpg,train/images/-6_png.rf.a9fbefdd9c057b81b3ef1f4a13739d0d.jpg,2,대
C:\YANUS\lumos\train\images\-6_png.rf.ac088d1489a6b2829e7021006bdd5cc3.jpg,train/images/-6_png.rf.ac088d1489a6b2829e7021006bdd5cc3.jpg,1,중
C:\YANUS\lumos\train\images\-6_png.rf.ac67111c01fca4199a8d9c3c98344dd4.jpg,train/images/-6_png.rf.ac67111c01fca4199a8d9c3c98344dd4.jpg,2,대
C:\YANUS\lumos\train\images\-6_png.rf.aebb72a30e712933d43a9ab9daf0cdc6.jpg,train/images/-6_png.rf.aebb72a30e712933d43a9ab9daf0cdc6.jpg,2,대
C:\YANUS\lumos\train\images\-6_png.rf.b5ed4c0016d9392d7d46d4c85a8ebaba.jpg,train/images/-6_png.rf.b5ed4c0016d9392d7d46d4c85a8ebaba.jpg,0,소
C:\YANUS\lumos\train\images\-6_png.rf.b949118441ba49349f761090b0ba2829.jpg,train/images/-6_png.rf.b949118441ba49349f761090b0ba2829.jpg,2,대
C:\YANUS\lumos\train\images\-6_png.rf.bc07c6465036ab17f458e3a514f0a2d3.jpg,train/images/-6_png.rf.bc07c6465036ab17f458e3a514f0a2d3.jpg,2,대
C:\YANUS\lumos\train\images\-6_png.rf.d0e582bb02ffd464c854c39a5f77c345.jpg,train/images/-6_png.rf.d0e582bb02ffd464c854c39a5f77c345.jpg,2,대
C:\YANUS\lumos\train\images\-6_png.rf.d0f07583b7cfcf4c5f54cc95f594d2fb.jpg,train/images/-6_png.rf.d0f07583b7cfcf4c5f54cc95f594d2fb.jpg,2,대
C:\YANUS\lumos\train\images\-6_png.rf.d43b5a01874ea57c62269a5b910f574f.jpg,train/images/-6_png.rf.d43b5a01874ea57c62269a5b910f574f.jpg,2,대
C:\YANUS\lumos\train\images\-6_png.rf.e658590349f2dc095f9064dff5e0fbe2.jpg,train/images/-6_png.rf.e658590349f2dc095f9064dff5e0fbe2.jpg,0,소
C:\YANUS\lumos\train\images\-6_png.rf.ed22fc9627a8cd39224f164ead09a782.jpg,train/images/-6_png.rf.ed22fc9627a8cd39224f164ead09a782.jpg,2,대
C:\YANUS\lumos\train\images\-6_png.rf.ef8aa3a8bfc62120eb682dc0366594de.jpg,train/images/-6_png.rf.ef8aa3a8bfc62120eb682dc0366594de.jpg,2,대
C:\YANUS\lumos\train\images\-7_png.rf.00e822c4478c19dd4e95c3a8fd4c0925.jpg,train/images/-7_png.rf.00e822c4478c19dd4e95c3a8fd4c0925.jpg,1,중
C:\YANUS\lumos\train\images\-7_png.rf.06194943d0df6d1d7ee249fb468573bb.jpg,train/images/-7_png.rf.06194943d0df6d1d7ee249fb468573bb.jpg,2,대
C:\YANUS\lumos\train\images\-7_png.rf.1640cf27ed468eb4a6918b275147957d.jpg,train/images/-7_png.rf.1640cf27ed468eb4a6918b275147957d.jpg,0,소
C:\YANUS\lumos\train\images\-7_png.rf.17855d3e4264948ed7f8b7adb2ac29c3.jpg,train/images/-7_png.rf.17855d3e4264948ed7f8b7adb2ac29c3.jpg,2,대
C:\YANUS\lumos\train\images\-7_png.rf.1a87e8a28906f4a661195ed9d067fb70.jpg,train/images/-7_png.rf.1a87e8a28906f4a661195ed9d067fb70.jpg,2,대
C:\YANUS\lumos\train\images\-7_png.rf.1ad9bcffefa187adba571caaeedaf20a.jpg,train/images/-7_png.rf.1ad9bcffefa187adba571caaeedaf20a.jpg,2,대
C:\YANUS\lumos\train\images\-7_png.rf.1b30d428ddf5f2c0c73fb7432e7ea100.jpg,train/images/-7_png.rf.1b30d428ddf5f2c0c73fb7432e7ea100.jpg,2,대
C:\YANUS\lumos\train\images\-7_png.rf.1ec320d4ba091e7c8697a67c6b1edba1.jpg,train/images/-7_png.rf.1ec320d4ba091e7c8697a67c6b1edba1.jpg,2,대
C:\YANUS\lumos\train\images\-7_png.rf.25215fde29da80a861584eb28a651ae1.jpg,train/images/-7_png.rf.25215fde29da80a861584eb28a651ae1.jpg,0,소
C:\YANUS\lumos\train\images\-7_png.rf.2eec8998553a3c8bebf88a1ec1b99cdf.jpg,train/images/-7_png.rf.2eec8998553a3c8bebf88a1ec1b99cdf.jpg,2,대
C:\YANUS\lumos\train\images\-7_png.rf.344f3262af49bc6690cd79fd715426b8.jpg,train/images/-7_png.rf.344f3262af49bc6690cd79fd715426b8.jpg,0,소
C:\YANUS\lumos\train\images\-7_png.rf.3750413f224925cb3204a35c36f951bb.jpg,train/images/-7_png.rf.3750413f224925cb3204a35c36f951bb.jpg,2,대
C:\YANUS\lumos\train\images\-7_png.rf.3f5418c877410d57c3ee00623453ddc4.jpg,train/images/-7_png.rf.3f5418c877410d57c3ee00623453ddc4.jpg,0,소
C:\YANUS\lumos\train\images\-7_png.rf.43263b83660b7ce0417720b083be93d6.jpg,train/images/-7_png.rf.43263b83660b7ce0417720b083be93d6.jpg,2,대
C:\YANUS\lumos\train\images\-7_png.rf.48898f8321af538c8d0957ad407b9b56.jpg,train/images/-7_png.rf.48898f8321af538c8d0957ad407b9b56.jpg,2,대
C:\YANUS\lumos\train\images\-7_png.rf.4df405d510c7824a9d448cafc46e4d56.jpg,train/images/-7_png.rf.4df405d510c7824a9d448cafc46e4d56.jpg,2,대
C:\YANUS\lumos\train\images\-7_png.rf.638af42ee959d157066edc1953e18f26.jpg,train/images/-7_png.rf.638af42ee959d157066edc1953e18f26.jpg,2,대
C:\YANUS\lumos\train\images\-7_png.rf.64e84a9b238ccab39aa9e359cb982b88.jpg,train/images/-7_png.rf.64e84a9b238ccab39aa9e359cb982b88.jpg,2,대
C:\YANUS\lumos\train\images\-7_png.rf.65bd99e64e809fbbb99c838434fd56da.jpg,train/images/-7_png.rf.65bd99e64e809fbbb99c838434fd56da.jpg,1,중
C:\YANUS\lumos\train\images\-7_png.rf.6931b100a372938cd036eb9e001098ac.jpg,train/images/-7_png.rf.6931b100a372938cd036eb9e001098ac.jpg,1,중
C:\YANUS\lumos\train\images\-7_png.rf.6950e8a85b0003e908114526a13b7d44.jpg,train/images/-7_png.rf.6950e8a85b0003e908114526a13b7d44.jpg,2,대
C:\YANUS\lumos\train\images\-7_png.rf.69f067d05bda938ffebb373885305e26.jpg,train/images/-7_png.rf.69f067d05bda938ffebb373885305e26.jpg,2,대
C:\YANUS\lumos\train\images\-7_png.rf.79c61377cd2c0fb9339eab22c766a161.jpg,train/images/-7_png.rf.79c61377cd2c0fb9339eab22c766a161.jpg,2,대
C:\YANUS\lumos\train\images\-7_png.rf.7f8cb782c4adbbabb634f3a5fbc57a1d.jpg,train/images/-7_png.rf.7f8cb782c4adbbabb634f3a5fbc57a1d.jpg,1,중
C:\YANUS\lumos\train\images\-7_png.rf.8f0c84602ff3d433ac7f9798cc208135.jpg,train/images/-7_png.rf.8f0c84602ff3d433ac7f9798cc208135.jpg,2,대
C:\YANUS\lumos\train\images\-7_png.rf.a18590bd28f92d342b46f8f8c30e9aa6.jpg,train/images/-7_png.rf.a18590bd28f92d342b46f8f8c30e9aa6.jpg,2,대
C:\YANUS\lumos\train\images\-7_png.rf.a263c379f971fed774119ea59fb50502.jpg,train/images/-7_png.rf.a263c379f971fed774119ea59fb50502.jpg,2,대
C:\YANUS\lumos\train\images\-7_png.rf.a6887ea01ace668c19e660b2861a8715.jpg,train/images/-7_png.rf.a6887ea01ace668c19e660b2861a8715.jpg,2,대
C:\YANUS\lumos\train\images\-7_png.rf.adfc804c0cce3bd1d84d033df6991b38.jpg,train/images/-7_png.rf.adfc804c0cce3bd1d84d033df6991b38.jpg,2,대
C:\YANUS\lumos\train\images\-7_png.rf.be8eec4223378028cd9b852541f5f913.jpg,train/images/-7_png.rf.be8eec4223378028cd9b852541f5f913.jpg,2,대
C:\YANUS\lumos\train\images\-7_png.rf.dc9068003f721a1dbe7cae1042cb6d60.jpg,train/images/-7_png.rf.dc9068003f721a1dbe7cae1042cb6d60.jpg,0,소
C:\YANUS\lumos\train\images\-7_png.rf.f3ecb74a963be3f08ff3f94828ecf62a.jpg,train/images/-7_png.rf.f3ecb74a963be3f08ff3f94828ecf62a.jpg,2,대
C:\YANUS\lumos\train\images\-7_png.rf.f5c287afd220b0a80b0461eeffbe49b1.jpg,train/images/-7_png.rf.f5c287afd220b0a80b0461eeffbe49b1.jpg,2,대
C:\YANUS\lumos\train\images\-8_png.rf.075cce20a90cc53ddad109ab5a8441a9.jpg,train/images/-8_png.rf.075cce20a90cc53ddad109ab5a8441a9.jpg,0,소
C:\YANUS\lumos\train\images\-8_png.rf.0a99d3174c092f30302ad661cee175f5.jpg,train/images/-8_png.rf.0a99d3174c092f30302ad661cee175f5.jpg,2,대
C:\YANUS\lumos\train\images\-8_png.rf.1e6910cc635400f3e0fea29eec865ec6.jpg,train/images/-8_png.rf.1e6910cc635400f3e0fea29eec865ec6.jpg,2,대
C:\YANUS\lumos\train\images\-8_png.rf.23eca0fbdfa003d875935dd357b56f5a.jpg,train/images/-8_png.rf.23eca0fbdfa003d875935dd357b56f5a.jpg,2,대
C:\YANUS\lumos\train\images\-8_png.rf.29cae79f3196ae7ffc5b2f5a8c33b8e2.jpg,train/images/-8_png.rf.29cae79f3196ae7ffc5b2f5a8c33b8e2.jpg,2,대
C:\YANUS\lumos\train\images\-8_png.rf.354a648240b4a70e88ecac726be6956c.jpg,train/images/-8_png.rf.354a648240b4a70e88ecac726be6956c.jpg,1,중
C:\YANUS\lumos\train\images\-8_png.rf.3cacef8770dfdddedb82eddb131ffc91.jpg,train/images/-8_png.rf.3cacef8770dfdddedb82eddb131ffc91.jpg,2,대
C:\YANUS\lumos\train\images\-8_png.rf.400c8c4d2412df089f834669f8492e47.jpg,train/images/-8_png.rf.400c8c4d2412df089f834669f8492e47.jpg,1,중
C:\YANUS\lumos\train\images\-8_png.rf.4143361f8d0d7f670c1c17eec403d90c.jpg,train/images/-8_png.rf.4143361f8d0d7f670c1c17eec403d90c.jpg,2,대
C:\YANUS\lumos\train\images\-8_png.rf.4949a906c69f6ad074a6bcfd45b7b765.jpg,train/images/-8_png.rf.4949a906c69f6ad074a6bcfd45b7b765.jpg,2,대
C:\YANUS\lumos\train\images\-8_png.rf.55055082e5f61c5dd7e11b57f8af5c8a.jpg,train/images/-8_png.rf.55055082e5f61c5dd7e11b57f8af5c8a.jpg,1,중
C:\YANUS\lumos\train\images\-8_png.rf.576b2b79c07af59c6dfaff6900387725.jpg,train/images/-8_png.rf.576b2b79c07af59c6dfaff6900387725.jpg,2,대
C:\YANUS\lumos\train\images\-8_png.rf.5d57a2fbbeaaeafdbbf7b5a19f946e69.jpg,train/images/-8_png.rf.5d57a2fbbeaaeafdbbf7b5a19f946e69.jpg,2,대
C:\YANUS\lumos\train\images\-8_png.rf.675a70cfd5cfade2f462f39277203cc5.jpg,train/images/-8_png.rf.675a70cfd5cfade2f462f39277203cc5.jpg,2,대
C:\YANUS\lumos\train\images\-8_png.rf.81e4d30bdb12bf0e72d8e93609ec3008.jpg,train/images/-8_png.rf.81e4d30bdb12bf0e72d8e93609ec3008.jpg,2,대
C:\YANUS\lumos\train\images\-8_png.rf.977ce49e00a03fa46ad83ef95d0dc71c.jpg,train/images/-8_png.rf.977ce49e00a03fa46ad83ef95d0dc71c.jpg,2,대
C:\YANUS\lumos\train\images\-8_png.rf.9cac5b8d710420fdfe6f3dd540e2f19e.jpg,train/images/-8_png.rf.9cac5b8d710420fdfe6f3dd540e2f19e.jpg,2,대
C:\YANUS\lumos\train\images\-8_png.rf.9cd6e62418fc680049e3f143163120de.jpg,train/images/-8_png.rf.9cd6e62418fc680049e3f143163120de.jpg,2,대
C:\YANUS\lumos\train\images\-8_png.rf.ca8cbbc5e14b68b640a90c59a4e21779.jpg,train/images/-8_png.rf.ca8cbbc5e14b68b640a90c59a4e21779.jpg,2,대
C:\YANUS\lumos\train\images\-8_png.rf.d4d02fba5b67ab9a086026980b1fdbca.jpg,train/images/-8_png.rf.d4d02fba5b67ab9a086026980b1fdbca.jpg,2,대
C:\YANUS\lumos\train\images\-8_png.rf.d600c1dd1096bbf9c4ee35791fc76216.jpg,train/images/-8_png.rf.d600c1dd1096bbf9c4ee35791fc76216.jpg,2,대
C:\YANUS\lumos\train\images\-8_png.rf.e0442e8bb5071cbdf519840e13bd279e.jpg,train/images/-8_png.rf.e0442e8bb5071cbdf519840e13bd279e.jpg,0,소
C:\YANUS\lumos\train\images\-8_png.rf.e9dbc0b4cd0a30646aeb64b1b2c76db5.jpg,train/images/-8_png.rf.e9dbc0b4cd0a30646aeb64b1b2c76db5.jpg,2,대
C:\YANUS\lumos\train\images\-8_png.rf.f30b52aecef852d1dd6c4049b1a40dc9.jpg,train/images/-8_png.rf.f30b52aecef852d1dd6c4049b1a40dc9.jpg,2,대
C:\YANUS\lumos\train\images\-8_png.rf.f5819ba867db062ad4114bef97c126cc.jpg,train/images/-8_png.rf.f5819ba867db062ad4114bef97c126cc.jpg,2,대
C:\YANUS\lumos\train\images\-8_png.rf.f59eb08b2c3dd19899361522e0625343.jpg,train/images/-8_png.rf.f59eb08b2c3dd19899361522e0625343.jpg,2,대
C:\YANUS\lumos\train\images\-8_png.rf.fa4d220081ce2333aad5c37889ad66cf.jpg,train/images/-8_png.rf.fa4d220081ce2333aad5c37889ad66cf.jpg,2,대
C:\YANUS\lumos\train\images\-8_png.rf.fcf9e3c4f86a500adaec7f0aa275cb10.jpg,train/images/-8_png.rf.fcf9e3c4f86a500adaec7f0aa275cb10.jpg,2,대
C:\YANUS\lumos\train\images\-8_png.rf.ffa63a45afadfbbfdbc814f2b0c44453.jpg,train/images/-8_png.rf.ffa63a45afadfbbfdbc814f2b0c44453.jpg,0,소
C:\YANUS\lumos\train\images\-9_png.rf.03a6fa6b276672402d00be89a7997582.jpg,train/images/-9_png.rf.03a6fa6b276672402d00be89a7997582.jpg,2,대
C:\YANUS\lumos\train\images\-9_png.rf.1f3a93b91afde0787bd95bc5bf4f0bcd.jpg,train/images/-9_png.rf.1f3a93b91afde0787bd95bc5bf4f0bcd.jpg,2,대
C:\YANUS\lumos\train\images\-9_png.rf.265ee07480db37653523c1a0629bfcb9.jpg,train/images/-9_png.rf.265ee07480db37653523c1a0629bfcb9.jpg,2,대
C:\YANUS\lumos\train\images\-9_png.rf.33360436c0fa0550a177fd366863e121.jpg,train/images/-9_png.rf.33360436c0fa0550a177fd366863e121.jpg,1,중
C:\YANUS\lumos\train\images\-9_png.rf.3507afa808905a0585fb4e2cb684352d.jpg,train/images/-9_png.rf.3507afa808905a0585fb4e2cb684352d.jpg,1,중
C:\YANUS\lumos\train\images\-9_png.rf.3708704b5c0b7fac2935cb37f91b7d6c.jpg,train/images/-9_png.rf.3708704b5c0b7fac2935cb37f91b7d6c.jpg,2,대
C:\YANUS\lumos\train\images\-9_png.rf.3b5e23d84a8b46ae01b3cb785488fc3f.jpg,train/images/-9_png.rf.3b5e23d84a8b46ae01b3cb785488fc3f.jpg,1,중
C:\YANUS\lumos\train\images\-9_png.rf.4355923df30fe2012f0ec22f15b4244f.jpg,train/images/-9_png.rf.4355923df30fe2012f0ec22f15b4244f.jpg,0,소
C:\YANUS\lumos\train\images\-9_png.rf.46147cdb62abff2c0a2b21b7bd7a65bb.jpg,train/images/-9_png.rf.46147cdb62abff2c0a2b21b7bd7a65bb.jpg,2,대
C:\YANUS\lumos\train\images\-9_png.rf.49dcd6c7608da0591a832def756f7dbd.jpg,train/images/-9_png.rf.49dcd6c7608da0591a832def756f7dbd.jpg,1,중
C:\YANUS\lumos\train\images\-9_png.rf.60972c37b0b0961e1e0119871eca067a.jpg,train/images/-9_png.rf.60972c37b0b0961e1e0119871eca067a.jpg,2,대
C:\YANUS\lumos\train\images\-9_png.rf.659495fe1f7d0fcc4f5f738d78019522.jpg,train/images/-9_png.rf.659495fe1f7d0fcc4f5f738d78019522.jpg,2,대
C:\YANUS\lumos\train\images\-9_png.rf.68d1fd0aade39bc41efd215418357d43.jpg,train/images/-9_png.rf.68d1fd0aade39bc41efd215418357d43.jpg,1,중
C:\YANUS\lumos\train\images\-9_png.rf.6e267ba2372337aa9e87ebdb921ad76c.jpg,train/images/-9_png.rf.6e267ba2372337aa9e87ebdb921ad76c.jpg,2,대
C:\YANUS\lumos\train\images\-9_png.rf.6f3032866d91c5f426a73696da5757ad.jpg,train/images/-9_png.rf.6f3032866d91c5f426a73696da5757ad.jpg,2,대
C:\YANUS\lumos\train\images\-9_png.rf.8b764120600fc46a0b3b0f522acb6389.jpg,train/images/-9_png.rf.8b764120600fc46a0b3b0f522acb6389.jpg,2,대
C:\YANUS\lumos\train\images\-9_png.rf.930fd15557e2c7b17406bcafa6e7664c.jpg,train/images/-9_png.rf.930fd15557e2c7b17406bcafa6e7664c.jpg,0,소
C:\YANUS\lumos\train\images\-9_png.rf.98971552e1eabf855b0be77c66e2dc92.jpg,train/images/-9_png.rf.98971552e1eabf855b0be77c66e2dc92.jpg,2,대
C:\YANUS\lumos\train\images\-9_png.rf.9940f2f8449ef14bc3afb320321c3d4f.jpg,train/images/-9_png.rf.9940f2f8449ef14bc3afb320321c3d4f.jpg,1,중
C:\YANUS\lumos\train\images\-9_png.rf.99591e13abf9e4f84cfd7a2d756e7174.jpg,train/images/-9_png.rf.99591e13abf9e4f84cfd7a2d756e7174.jpg,2,대
C:\YANUS\lumos\train\images\-9_png.rf.9a38244daf66d06aeda7c20d552f0c77.jpg,train/images/-9_png.rf.9a38244daf66d06aeda7c20d552f0c77.jpg,1,중
C:\YANUS\lumos\train\images\-9_png.rf.9e060b241f0f154c09ee4a434fcd97a2.jpg,train/images/-9_png.rf.9e060b241f0f154c09ee4a434fcd97a2.jpg,2,대
C:\YANUS\lumos\train\images\-9_png.rf.a9f274c8ed089ca40b423de249d09faa.jpg,train/images/-9_png.rf.a9f274c8ed089ca40b423de249d09faa.jpg,1,중
C:\YANUS\lumos\train\images\-9_png.rf.afe71f856033314de60245ff952aeaf0.jpg,train/images/-9_png.rf.afe71f856033314de60245ff952aeaf0.jpg,0,소
C:\YANUS\lumos\train\images\-9_png.rf.b9dab8b2e2557431a2b0c5e1c3bc49c4.jpg,train/images/-9_png.rf.b9dab8b2e2557431a2b0c5e1c3bc49c4.jpg,2,대
C:\YANUS\lumos\train\images\-9_png.rf.be2f4f1ea4f97f87a4d92d509affb94c.jpg,train/images/-9_png.rf.be2f4f1ea4f97f87a4d92d509affb94c.jpg,1,중
C:\YANUS\lumos\train\images\-9_png.rf.c62fe6ad30ef0dfc0db85c8b5c83b277.jpg,train/images/-9_png.rf.c62fe6ad30ef0dfc0db85c8b5c83b277.jpg,1,중
C:\YANUS\lumos\train\images\-9_png.rf.cf6eca151b7995794b2eae5a3708cc9c.jpg,train/images/-9_png.rf.cf6eca151b7995794b2eae5a3708cc9c.jpg,2,대
C:\YANUS\lumos\train\images\-9_png.rf.d0ed9e3721ddbb3718380309528a33a8.jpg,train/images/-9_png.rf.d0ed9e3721ddbb3718380309528a33a8.jpg,2,대
C:\YANUS\lumos\train\images\-9_png.rf.e40378d1bc145941c37a5b6db30025d0.jpg,train/images/-9_png.rf.e40378d1bc145941c37a5b6db30025d0.jpg,2,대
C:\YANUS\lumos\train\images\-9_png.rf.eac1dea31e26e40c756cfaf6db1f3120.jpg,train/images/-9_png.rf.eac1dea31e26e40c756cfaf6db1f3120.jpg,2,대
C:\YANUS\lumos\train\images\-9_png.rf.edd6486ed6422ad7f850e578f0fef5f2.jpg,train/images/-9_png.rf.edd6486ed6422ad7f850e578f0fef5f2.jpg,2,대
C:\YANUS\lumos\train\images\-9_png.rf.f34325a8c8fe3977e5d9f32f894f8eec.jpg,train/images/-9_png.rf.f34325a8c8fe3977e5d9f32f894f8eec.jpg,2,대
C:\YANUS\lumos\train\images\-9_png.rf.fc97d8d7e5a0060774c04201eb15e16f.jpg,train/images/-9_png.rf.fc97d8d7e5a0060774c04201eb15e16f.jpg,1,중
C:\YANUS\lumos\train\images\-9_png.rf.fcd44535bc70ab1ee5116c9faa75d873.jpg,train/images/-9_png.rf.fcd44535bc70ab1ee5116c9faa75d873.jpg,2,대
C:\YANUS\lumos\train\images\-_-10-1-_png.rf.8c4407bf949a4884280625ce64a79063.jpg,train/images/-_-10-1-_png.rf.8c4407bf949a4884280625ce64a79063.jpg,2,대
C:\YANUS\lumos\train\images\-_-2-_png.rf.88770c7b1ccc87381471f5de9760c558.jpg,train/images/-_-2-_png.rf.88770c7b1ccc87381471f5de9760c558.jpg,2,대
C:\YANUS\lumos\train\images\-_-2-_png.rf.d9aa396af06ec63511f088893098bee0.jpg,train/images/-_-2-_png.rf.d9aa396af06ec63511f088893098bee0.jpg,2,대
C:\YANUS\lumos\train\images\-_-2_png.rf.69bcad6d0ba20ad10ee6270bac42e8fd.jpg,train/images/-_-2_png.rf.69bcad6d0ba20ad10ee6270bac42e8fd.jpg,2,대
C:\YANUS\lumos\train\images\-_-2_png.rf.bbe877b73d987eae2d245bff9b4422e0.jpg,train/images/-_-2_png.rf.bbe877b73d987eae2d245bff9b4422e0.jpg,0,소
C:\YANUS\lumos\train\images\-_-3-_png.rf.fc91ffb37f02174b4ac4bc5a30c4ef40.jpg,train/images/-_-3-_png.rf.fc91ffb37f02174b4ac4bc5a30c4ef40.jpg,1,중
C:\YANUS\lumos\train\images\-_-_-_png.rf.9588abb2221a82c4e47690149797747a.jpg,train/images/-_-_-_png.rf.9588abb2221a82c4e47690149797747a.jpg,2,대
C:\YANUS\lumos\train\images\-_-_2_png.rf.2862a31c65875d9f1db99ca697b75c2c.jpg,train/images/-_-_2_png.rf.2862a31c65875d9f1db99ca697b75c2c.jpg,2,대
C:\YANUS\lumos\train\images\-_-_2_png.rf.34735bfa0693f3163da1cbdcda596c89.jpg,train/images/-_-_2_png.rf.34735bfa0693f3163da1cbdcda596c89.jpg,2,대
C:\YANUS\lumos\train\images\-_-_2_png.rf.4473a2e6098ead7856133b431362ea5d.jpg,train/images/-_-_2_png.rf.4473a2e6098ead7856133b431362ea5d.jpg,2,대
C:\YANUS\lumos\train\images\-_-_2_png.rf.8e515620ad50c9eb78da6f7fd81baead.jpg,train/images/-_-_2_png.rf.8e515620ad50c9eb78da6f7fd81baead.jpg,2,대
C:\YANUS\lumos\train\images\-_-_2_png.rf.923786026f168f4c74d45069acf8fc37.jpg,train/images/-_-_2_png.rf.923786026f168f4c74d45069acf8fc37.jpg,2,대
C:\YANUS\lumos\train\images\-_-_2_png.rf.d12d79f50673e287316c5cdf2f37c4ba.jpg,train/images/-_-_2_png.rf.d12d79f50673e287316c5cdf2f37c4ba.jpg,1,중
C:\YANUS\lumos\train\images\-_-_3_png.rf.d01e5559edcf6c6dc138c123381c5ceb.jpg,train/images/-_-_3_png.rf.d01e5559edcf6c6dc138c123381c5ceb.jpg,2,대
C:\YANUS\lumos\train\images\-_-_3_png.rf.e80d8fb0968472926e9f5966d5249d85.jpg,train/images/-_-_3_png.rf.e80d8fb0968472926e9f5966d5249d85.jpg,2,대
C:\YANUS\lumos\train\images\-_-_4_png.rf.fcb0fb9a472361a2a5f879002c003383.jpg,train/images/-_-_4_png.rf.fcb0fb9a472361a2a5f879002c003383.jpg,2,대
C:\YANUS\lumos\train\images\-_-_jpg.rf.1beef6bd3360666f303faf3db37a81a6.jpg,train/images/-_-_jpg.rf.1beef6bd3360666f303faf3db37a81a6.jpg,2,대
C:\YANUS\lumos\train\images\-_-_jpg.rf.6c942fb2ccfe7aaf5dc9c256b7b4169c.jpg,train/images/-_-_jpg.rf.6c942fb2ccfe7aaf5dc9c256b7b4169c.jpg,2,대
C:\YANUS\lumos\train\images\-_-_png.rf.01552f2fffe7bac553dec26d6c4c9575.jpg,train/images/-_-_png.rf.01552f2fffe7bac553dec26d6c4c9575.jpg,2,대
C:\YANUS\lumos\train\images\-_-_png.rf.041d5f0000bc197af8490c02e9b793e2.jpg,train/images/-_-_png.rf.041d5f0000bc197af8490c02e9b793e2.jpg,2,대
C:\YANUS\lumos\train\images\-_-_png.rf.04be2680ffde6a72312919e0606b1fb5.jpg,train/images/-_-_png.rf.04be2680ffde6a72312919e0606b1fb5.jpg,1,중
C:\YANUS\lumos\train\images\-_-_png.rf.052fbacab9191774a0b8e2f3a2e93f7e.jpg,train/images/-_-_png.rf.052fbacab9191774a0b8e2f3a2e93f7e.jpg,0,소
C:\YANUS\lumos\train\images\-_-_png.rf.07471ace0374f7f994c707ab2732b703.jpg,train/images/-_-_png.rf.07471ace0374f7f994c707ab2732b703.jpg,0,소
C:\YANUS\lumos\train\images\-_-_png.rf.0a874417ca3644c8bdac59af0ce4288d.jpg,train/images/-_-_png.rf.0a874417ca3644c8bdac59af0ce4288d.jpg,0,소
C:\YANUS\lumos\train\images\-_-_png.rf.10ec8ab0b89e07c57464e54cbd8dc5da.jpg,train/images/-_-_png.rf.10ec8ab0b89e07c57464e54cbd8dc5da.jpg,2,대
C:\YANUS\lumos\train\images\-_-_png.rf.11b58b1428d27c91f16f12aa2f3bce03.jpg,train/images/-_-_png.rf.11b58b1428d27c91f16f12aa2f3bce03.jpg,0,소
C:\YANUS\lumos\train\images\-_-_png.rf.144c379c7dec147f95d4439260bc46e1.jpg,train/images/-_-_png.rf.144c379c7dec147f95d4439260bc46e1.jpg,2,대
C:\YANUS\lumos\train\images\-_-_png.rf.16a39d09380f1e25c879bf91ec6b76b3.jpg,train/images/-_-_png.rf.16a39d09380f1e25c879bf91ec6b76b3.jpg,2,대
C:\YANUS\lumos\train\images\-_-_png.rf.173add793462511b79ff0b97fb6bbc70.jpg,train/images/-_-_png.rf.173add793462511b79ff0b97fb6bbc70.jpg,2,대
C:\YANUS\lumos\train\images\-_-_png.rf.17f1a858c5ada45006cbe17381ada869.jpg,train/images/-_-_png.rf.17f1a858c5ada45006cbe17381ada869.jpg,0,소
C:\YANUS\lumos\train\images\-_-_png.rf.19cd61eadf72c6206c7d74094d1ec27b.jpg,train/images/-_-_png.rf.19cd61eadf72c6206c7d74094d1ec27b.jpg,2,대
C:\YANUS\lumos\train\images\-_-_png.rf.1d545026c6be931d4541b07834db415f.jpg,train/images/-_-_png.rf.1d545026c6be931d4541b07834db415f.jpg,0,소
C:\YANUS\lumos\train\images\-_-_png.rf.20db32e05b4c5ab1d77f39be15bd81ad.jpg,train/images/-_-_png.rf.20db32e05b4c5ab1d77f39be15bd81ad.jpg,0,소
C:\YANUS\lumos\train\images\-_-_png.rf.2274f09860d2205bc42beeb8448f9731.jpg,train/images/-_-_png.rf.2274f09860d2205bc42beeb8448f9731.jpg,2,대
C:\YANUS\lumos\train\images\-_-_png.rf.2566e82b854aedf6eaaefea39d008886.jpg,train/images/-_-_png.rf.2566e82b854aedf6eaaefea39d008886.jpg,2,대
C:\YANUS\lumos\train\images\-_-_png.rf.26a2c76a9af0461f740ed01c2b6f2cab.jpg,train/images/-_-_png.rf.26a2c76a9af0461f740ed01c2b6f2cab.jpg,1,중
C:\YANUS\lumos\train\images\-_-_png.rf.26d75951240a14d0e2452ba821cab97b.jpg,train/images/-_-_png.rf.26d75951240a14d0e2452ba821cab97b.jpg,0,소
C:\YANUS\lumos\train\images\-_-_png.rf.2957d799bdc0c297e483b6cf19a4b7a3.jpg,train/images/-_-_png.rf.2957d799bdc0c297e483b6cf19a4b7a3.jpg,0,소
C:\YANUS\lumos\train\images\-_-_png.rf.2c2b9af41f3d140f1034af298e85bf46.jpg,train/images/-_-_png.rf.2c2b9af41f3d140f1034af298e85bf46.jpg,2,대
C:\YANUS\lumos\train\images\-_-_png.rf.309fb23d8e8d067e878d19aa2fa58334.jpg,train/images/-_-_png.rf.309fb23d8e8d067e878d19aa2fa58334.jpg,1,중
C:\YANUS\lumos\train\images\-_-_png.rf.35f8103b6d4a0a33085d64f008bd45bb.jpg,train/images/-_-_png.rf.35f8103b6d4a0a33085d64f008bd45bb.jpg,0,소
C:\YANUS\lumos\train\images\-_-_png.rf.390ad7d36e7d0149b84e65f9b1d6287f.jpg,train/images/-_-_png.rf.390ad7d36e7d0149b84e65f9b1d6287f.jpg,2,대
C:\YANUS\lumos\train\images\-_-_png.rf.3ce9974f48c1a8f06e36c02227176033.jpg,train/images/-_-_png.rf.3ce9974f48c1a8f06e36c02227176033.jpg,1,중
C:\YANUS\lumos\train\images\-_-_png.rf.4568047f7c617b4d2b7ee972cead8a52.jpg,train/images/-_-_png.rf.4568047f7c617b4d2b7ee972cead8a52.jpg,0,소
C:\YANUS\lumos\train\images\-_-_png.rf.4853d63702ba0f9eb71472bc160de603.jpg,train/images/-_-_png.rf.4853d63702ba0f9eb71472bc160de603.jpg,2,대
C:\YANUS\lumos\train\images\-_-_png.rf.48ed988ee48ca5db5e3cf09299a26bed.jpg,train/images/-_-_png.rf.48ed988ee48ca5db5e3cf09299a26bed.jpg,0,소
C:\YANUS\lumos\train\images\-_-_png.rf.4aeed5998d7e718ac6a31fc8a53bb8e3.jpg,train/images/-_-_png.rf.4aeed5998d7e718ac6a31fc8a53bb8e3.jpg,2,대
C:\YANUS\lumos\train\images\-_-_png.rf.4b3fd1eaef65e6e7333959ee736bac82.jpg,train/images/-_-_png.rf.4b3fd1eaef65e6e7333959ee736bac82.jpg,0,소
C:\YANUS\lumos\train\images\-_-_png.rf.4da40869c120b8c4fcaf87feffaa1d9d.jpg,train/images/-_-_png.rf.4da40869c120b8c4fcaf87feffaa1d9d.jpg,0,소
C:\YANUS\lumos\train\images\-_-_png.rf.508bd742cb8effb5b5fedc9b4f50224d.jpg,train/images/-_-_png.rf.508bd742cb8effb5b5fedc9b4f50224d.jpg,2,대
C:\YANUS\lumos\train\images\-_-_png.rf.53912312d02198e4796e6ef2449831d0.jpg,train/images/-_-_png.rf.53912312d02198e4796e6ef2449831d0.jpg,2,대
C:\YANUS\lumos\train\images\-_-_png.rf.57c6e3cc75dc64420dcd03b8e8558f6a.jpg,train/images/-_-_png.rf.57c6e3cc75dc64420dcd03b8e8558f6a.jpg,2,대
C:\YANUS\lumos\train\images\-_-_png.rf.57d9ca573b7e1f2838e37958e2127308.jpg,train/images/-_-_png.rf.57d9ca573b7e1f2838e37958e2127308.jpg,0,소
C:\YANUS\lumos\train\images\-_-_png.rf.57e8d716094827c08af18ebdfd653b22.jpg,train/images/-_-_png.rf.57e8d716094827c08af18ebdfd653b22.jpg,2,대
C:\YANUS\lumos\train\images\-_-_png.rf.5841bc4c5c7fcb80abc601f267f69bfb.jpg,train/images/-_-_png.rf.5841bc4c5c7fcb80abc601f267f69bfb.jpg,2,대
C:\YANUS\lumos\train\images\-_-_png.rf.593f848669660ff2342c2cbd62809fb1.jpg,train/images/-_-_png.rf.593f848669660ff2342c2cbd62809fb1.jpg,0,소
C:\YANUS\lumos\train\images\-_-_png.rf.5d6620e15c6d58a2ea9565d85f8f596d.jpg,train/images/-_-_png.rf.5d6620e15c6d58a2ea9565d85f8f596d.jpg,1,중
C:\YANUS\lumos\train\images\-_-_png.rf.5d7ae1dc1f0dda532afec272598d3964.jpg,train/images/-_-_png.rf.5d7ae1dc1f0dda532afec272598d3964.jpg,2,대
C:\YANUS\lumos\train\images\-_-_png.rf.6252d8e1c594d69e603a79dcb06c1d91.jpg,train/images/-_-_png.rf.6252d8e1c594d69e603a79dcb06c1d91.jpg,0,소
C:\YANUS\lumos\train\images\-_-_png.rf.63b904735875ef409a360b03aea15896.jpg,train/images/-_-_png.rf.63b904735875ef409a360b03aea15896.jpg,0,소
C:\YANUS\lumos\train\images\-_-_png.rf.640464b9d9e146c1c5fb3f258d44cca4.jpg,train/images/-_-_png.rf.640464b9d9e146c1c5fb3f258d44cca4.jpg,2,대
C:\YANUS\lumos\train\images\-_-_png.rf.6971e7fc1911df7bcd04952ba8c4a8ec.jpg,train/images/-_-_png.rf.6971e7fc1911df7bcd04952ba8c4a8ec.jpg,0,소
C:\YANUS\lumos\train\images\-_-_png.rf.6e53d84a1a8624ac39d594e1781f47d7.jpg,train/images/-_-_png.rf.6e53d84a1a8624ac39d594e1781f47d7.jpg,1,중
C:\YANUS\lumos\train\images\-_-_png.rf.6e5fcbd5fa0f135ec51cf4b289e99d01.jpg,train/images/-_-_png.rf.6e5fcbd5fa0f135ec51cf4b289e99d01.jpg,1,중
C:\YANUS\lumos\train\images\-_-_png.rf.6edfa5da0342a9beb267960df44c41ba.jpg,train/images/-_-_png.rf.6edfa5da0342a9beb267960df44c41ba.jpg,2,대
C:\YANUS\lumos\train\images\-_-_png.rf.7009c94b4a38fcaef01a5c83ba853c57.jpg,train/images/-_-_png.rf.7009c94b4a38fcaef01a5c83ba853c57.jpg,2,대
C:\YANUS\lumos\train\images\-_-_png.rf.73a8847683c6c6e84ed516d370815e36.jpg,train/images/-_-_png.rf.73a8847683c6c6e84ed516d370815e36.jpg,2,대
C:\YANUS\lumos\train\images\-_-_png.rf.7573b03cdb393f89f7ad401cdd57f3ce.jpg,train/images/-_-_png.rf.7573b03cdb393f89f7ad401cdd57f3ce.jpg,1,중
C:\YANUS\lumos\train\images\-_-_png.rf.761f66963671c38b0b236c1f896d05ef.jpg,train/images/-_-_png.rf.761f66963671c38b0b236c1f896d05ef.jpg,2,대
C:\YANUS\lumos\train\images\-_-_png.rf.76960f79fc46e719f6a45f566bc3a292.jpg,train/images/-_-_png.rf.76960f79fc46e719f6a45f566bc3a292.jpg,1,중
C:\YANUS\lumos\train\images\-_-_png.rf.777d03da73cfec5a736409f5d349f2c1.jpg,train/images/-_-_png.rf.777d03da73cfec5a736409f5d349f2c1.jpg,1,중
C:\YANUS\lumos\train\images\-_-_png.rf.7a14362566cc84786c51d22020777c96.jpg,train/images/-_-_png.rf.7a14362566cc84786c51d22020777c96.jpg,0,소
C:\YANUS\lumos\train\images\-_-_png.rf.7ecb23b5614335b50d4653ebb446db64.jpg,train/images/-_-_png.rf.7ecb23b5614335b50d4653ebb446db64.jpg,1,중
C:\YANUS\lumos\train\images\-_-_png.rf.7f26355ff6a45651bad1d8e445951333.jpg,train/images/-_-_png.rf.7f26355ff6a45651bad1d8e445951333.jpg,1,중
C:\YANUS\lumos\train\images\-_-_png.rf.82fddb69fb66f7b35f43c92385c620a3.jpg,train/images/-_-_png.rf.82fddb69fb66f7b35f43c92385c620a3.jpg,0,소
C:\YANUS\lumos\train\images\-_-_png.rf.8313c4f320345c41993dc63f876f9a92.jpg,train/images/-_-_png.rf.8313c4f320345c41993dc63f876f9a92.jpg,0,소
C:\YANUS\lumos\train\images\-_-_png.rf.862c7a3ab90ab92192b2d5663d477cc3.jpg,train/images/-_-_png.rf.862c7a3ab90ab92192b2d5663d477cc3.jpg,2,대
C:\YANUS\lumos\train\images\-_-_png.rf.8dee1ae03c2b67199b29934934efad00.jpg,train/images/-_-_png.rf.8dee1ae03c2b67199b29934934efad00.jpg,1,중
C:\YANUS\lumos\train\images\-_-_png.rf.8fd7a94a2679e7a0420dacb9b14670e3.jpg,train/images/-_-_png.rf.8fd7a94a2679e7a0420dacb9b14670e3.jpg,2,대
C:\YANUS\lumos\train\images\-_-_png.rf.94666b0cf7aff1457d2cdb6c4009d1df.jpg,train/images/-_-_png.rf.94666b0cf7aff1457d2cdb6c4009d1df.jpg,2,대
C:\YANUS\lumos\train\images\-_-_png.rf.97f6e29114bd4d27f06cc6e26ab845d5.jpg,train/images/-_-_png.rf.97f6e29114bd4d27f06cc6e26ab845d5.jpg,0,소
C:\YANUS\lumos\train\images\-_-_png.rf.980da72ad7f2f80e468f02abd57a40fd.jpg,train/images/-_-_png.rf.980da72ad7f2f80e468f02abd57a40fd.jpg,0,소
C:\YANUS\lumos\train\images\-_-_png.rf.9ae5a4cddbc69716b8e262a998302d5a.jpg,train/images/-_-_png.rf.9ae5a4cddbc69716b8e262a998302d5a.jpg,2,대
C:\YANUS\lumos\train\images\-_-_png.rf.a1999d44f8f42e95d9d62dc3485e50be.jpg,train/images/-_-_png.rf.a1999d44f8f42e95d9d62dc3485e50be.jpg,0,소
C:\YANUS\lumos\train\images\-_-_png.rf.a27043ad4c68d77988ee56c5b730e950.jpg,train/images/-_-_png.rf.a27043ad4c68d77988ee56c5b730e950.jpg,1,중
C:\YANUS\lumos\train\images\-_-_png.rf.a547518cace3530b7e03a2e1df8b8fef.jpg,train/images/-_-_png.rf.a547518cace3530b7e03a2e1df8b8fef.jpg,0,소
C:\YANUS\lumos\train\images\-_-_png.rf.a7005d572f9176b926e700efb6cc4327.jpg,train/images/-_-_png.rf.a7005d572f9176b926e700efb6cc4327.jpg,2,대
C:\YANUS\lumos\train\images\-_-_png.rf.a8fd5c49e33dd41effcef68399849cef.jpg,train/images/-_-_png.rf.a8fd5c49e33dd41effcef68399849cef.jpg,0,소
C:\YANUS\lumos\train\images\-_-_png.rf.a9b44fac7026f7a5c9549ccbdb55571d.jpg,train/images/-_-_png.rf.a9b44fac7026f7a5c9549ccbdb55571d.jpg,2,대
C:\YANUS\lumos\train\images\-_-_png.rf.b1da065d14756a725840e92fcfeb7cb2.jpg,train/images/-_-_png.rf.b1da065d14756a725840e92fcfeb7cb2.jpg,0,소
C:\YANUS\lumos\train\images\-_-_png.rf.b25d43b07f282be5b4f3041f3e868bb2.jpg,train/images/-_-_png.rf.b25d43b07f282be5b4f3041f3e868bb2.jpg,2,대
C:\YANUS\lumos\train\images\-_-_png.rf.b7b6174caedb91955945454793be5900.jpg,train/images/-_-_png.rf.b7b6174caedb91955945454793be5900.jpg,0,소
C:\YANUS\lumos\train\images\-_-_png.rf.b8cffd919f2ff36530e8c6e75dfa5377.jpg,train/images/-_-_png.rf.b8cffd919f2ff36530e8c6e75dfa5377.jpg,0,소
C:\YANUS\lumos\train\images\-_-_png.rf.ba8b0d2f4806c0c8e82dfbeca747999c.jpg,train/images/-_-_png.rf.ba8b0d2f4806c0c8e82dfbeca747999c.jpg,1,중
C:\YANUS\lumos\train\images\-_-_png.rf.baca08b18d1485901979243b033bef72.jpg,train/images/-_-_png.rf.baca08b18d1485901979243b033bef72.jpg,2,대
C:\YANUS\lumos\train\images\-_-_png.rf.bbb77f55510d6428dfb828eb10731bac.jpg,train/images/-_-_png.rf.bbb77f55510d6428dfb828eb10731bac.jpg,2,대
C:\YANUS\lumos\train\images\-_-_png.rf.c0a445023336bf7dd35e4ed42b9bb1c9.jpg,train/images/-_-_png.rf.c0a445023336bf7dd35e4ed42b9bb1c9.jpg,0,소
C:\YANUS\lumos\train\images\-_-_png.rf.c1617888f8f028fb1f71fcb138127a9b.jpg,train/images/-_-_png.rf.c1617888f8f028fb1f71fcb138127a9b.jpg,2,대
C:\YANUS\lumos\train\images\-_-_png.rf.c2012f435396871177818378773f6bfb.jpg,train/images/-_-_png.rf.c2012f435396871177818378773f6bfb.jpg,2,대
C:\YANUS\lumos\train\images\-_-_png.rf.c2cb442562f6b15a4023c34ccca63bdd.jpg,train/images/-_-_png.rf.c2cb442562f6b15a4023c34ccca63bdd.jpg,2,대
C:\YANUS\lumos\train\images\-_-_png.rf.c3cf74d0df9a15600a3e90f206f90d29.jpg,train/images/-_-_png.rf.c3cf74d0df9a15600a3e90f206f90d29.jpg,2,대
C:\YANUS\lumos\train\images\-_-_png.rf.c6765020dd51301c475043bb4b873d29.jpg,train/images/-_-_png.rf.c6765020dd51301c475043bb4b873d29.jpg,2,대
C:\YANUS\lumos\train\images\-_-_png.rf.c78bcafc053db63b54f925696238fd54.jpg,train/images/-_-_png.rf.c78bcafc053db63b54f925696238fd54.jpg,0,소
C:\YANUS\lumos\train\images\-_-_png.rf.ca76ead821502c3b2da6bec14ad66573.jpg,train/images/-_-_png.rf.ca76ead821502c3b2da6bec14ad66573.jpg,2,대
C:\YANUS\lumos\train\images\-_-_png.rf.d103feff63c0190da7d3c4d2e4dbd44f.jpg,train/images/-_-_png.rf.d103feff63c0190da7d3c4d2e4dbd44f.jpg,0,소
C:\YANUS\lumos\train\images\-_-_png.rf.d234d7eb008646457cbd96122783178d.jpg,train/images/-_-_png.rf.d234d7eb008646457cbd96122783178d.jpg,0,소
C:\YANUS\lumos\train\images\-_-_png.rf.d531a4a8dfe4c60d6215ef48ffe48e2e.jpg,train/images/-_-_png.rf.d531a4a8dfe4c60d6215ef48ffe48e2e.jpg,1,중
C:\YANUS\lumos\train\images\-_-_png.rf.d666d4b81902c16f56222f835905aa6d.jpg,train/images/-_-_png.rf.d666d4b81902c16f56222f835905aa6d.jpg,2,대
C:\YANUS\lumos\train\images\-_-_png.rf.d92feb9881196080c8c427216bf6ad51.jpg,train/images/-_-_png.rf.d92feb9881196080c8c427216bf6ad51.jpg,1,중
C:\YANUS\lumos\train\images\-_-_png.rf.d9ad49bb29af24d0c421746ee2ab0024.jpg,train/images/-_-_png.rf.d9ad49bb29af24d0c421746ee2ab0024.jpg,2,대
C:\YANUS\lumos\train\images\-_-_png.rf.db2a2b2571d0a361357b0523b8a22921.jpg,train/images/-_-_png.rf.db2a2b2571d0a361357b0523b8a22921.jpg,1,중
C:\YANUS\lumos\train\images\-_-_png.rf.db9841fce0e06fbcfda80b697f03a9d4.jpg,train/images/-_-_png.rf.db9841fce0e06fbcfda80b697f03a9d4.jpg,2,대
C:\YANUS\lumos\train\images\-_-_png.rf.dba35f17708742c8b457a1e7986451e2.jpg,train/images/-_-_png.rf.dba35f17708742c8b457a1e7986451e2.jpg,0,소
C:\YANUS\lumos\train\images\-_-_png.rf.dd18f8328df0715c1d9c20df68372729.jpg,train/images/-_-_png.rf.dd18f8328df0715c1d9c20df68372729.jpg,1,중
C:\YANUS\lumos\train\images\-_-_png.rf.dd6139461386b742c7661ce72591a498.jpg,train/images/-_-_png.rf.dd6139461386b742c7661ce72591a498.jpg,0,소
C:\YANUS\lumos\train\images\-_-_png.rf.de53e56d618a2d1ce5c033d6e054af0a.jpg,train/images/-_-_png.rf.de53e56d618a2d1ce5c033d6e054af0a.jpg,0,소
C:\YANUS\lumos\train\images\-_-_png.rf.de78160a791e631a08e80a8b90ef0645.jpg,train/images/-_-_png.rf.de78160a791e631a08e80a8b90ef0645.jpg,2,대
C:\YANUS\lumos\train\images\-_-_png.rf.e8d398f9f266d99223c434451f068950.jpg,train/images/-_-_png.rf.e8d398f9f266d99223c434451f068950.jpg,2,대
C:\YANUS\lumos\train\images\-_-_png.rf.ec63dda3262cecd184f5fa384486b10c.jpg,train/images/-_-_png.rf.ec63dda3262cecd184f5fa384486b10c.jpg,2,대
C:\YANUS\lumos\train\images\-_-_png.rf.ef2a140382d3c4e5811f3e40d4aad991.jpg,train/images/-_-_png.rf.ef2a140382d3c4e5811f3e40d4aad991.jpg,1,중
C:\YANUS\lumos\train\images\-_-_png.rf.f2275cd3c415c0fc1f90a0bc4f5be455.jpg,train/images/-_-_png.rf.f2275cd3c415c0fc1f90a0bc4f5be455.jpg,0,소
C:\YANUS\lumos\train\images\-_-_png.rf.f2fc6a7154b167f9b3873c062efb6f84.jpg,train/images/-_-_png.rf.f2fc6a7154b167f9b3873c062efb6f84.jpg,2,대
C:\YANUS\lumos\train\images\-_-_png.rf.f4bbcbe328d12776510638e73ae4da81.jpg,train/images/-_-_png.rf.f4bbcbe328d12776510638e73ae4da81.jpg,2,대
C:\YANUS\lumos\train\images\-_-_png.rf.f65fc4a0c1f921df33d546bd6e6d1874.jpg,train/images/-_-_png.rf.f65fc4a0c1f921df33d546bd6e6d1874.jpg,0,소
C:\YANUS\lumos\train\images\-_-_png.rf.f6e26dd6770a67344fc35e6740cbec94.jpg,train/images/-_-_png.rf.f6e26dd6770a67344fc35e6740cbec94.jpg,2,대
C:\YANUS\lumos\train\images\-_-_png.rf.fb012d1050c5e0dc0324496a8b64bc1e.jpg,train/images/-_-_png.rf.fb012d1050c5e0dc0324496a8b64bc1e.jpg,2,대
C:\YANUS\lumos\train\images\-_-_png.rf.fb4d505678f1d19404a57234dda40e5d.jpg,train/images/-_-_png.rf.fb4d505678f1d19404a57234dda40e5d.jpg,2,대
C:\YANUS\lumos\train\images\-_-_png.rf.fb50d0dd4ad1cdeab40ebe251c6c2642.jpg,train/images/-_-_png.rf.fb50d0dd4ad1cdeab40ebe251c6c2642.jpg,2,대
C:\YANUS\lumos\train\images\-_BAC-_png.rf.3c545f66480610809de5e85be9f4f713.jpg,train/images/-_BAC-_png.rf.3c545f66480610809de5e85be9f4f713.jpg,2,대
C:\YANUS\lumos\train\images\-_png.rf.04e1de3c5b4f204c2e053e966da63b42.jpg,train/images/-_png.rf.04e1de3c5b4f204c2e053e966da63b42.jpg,2,대
C:\YANUS\lumos\train\images\-_png.rf.0576447746113d1a474bebce69316de2.jpg,train/images/-_png.rf.0576447746113d1a474bebce69316de2.jpg,2,대
C:\YANUS\lumos\train\images\-_png.rf.05d6239d046f5e41b41ec501f7f8ddca.jpg,train/images/-_png.rf.05d6239d046f5e41b41ec501f7f8ddca.jpg,2,대
C:\YANUS\lumos\train\images\-_png.rf.12d73328e14a550fb303edefc2b8b9c2.jpg,train/images/-_png.rf.12d73328e14a550fb303edefc2b8b9c2.jpg,2,대
C:\YANUS\lumos\train\images\-_png.rf.1c497bb1e1c219e8bad7a464776e70c3.jpg,train/images/-_png.rf.1c497bb1e1c219e8bad7a464776e70c3.jpg,2,대
C:\YANUS\lumos\train\images\-_png.rf.26964ac1d65a81287dd9531bd2378eb9.jpg,train/images/-_png.rf.26964ac1d65a81287dd9531bd2378eb9.jpg,2,대
C:\YANUS\lumos\train\images\-_png.rf.2b3991ecbda86ae43127b1897e0f32f5.jpg,train/images/-_png.rf.2b3991ecbda86ae43127b1897e0f32f5.jpg,2,대
C:\YANUS\lumos\train\images\-_png.rf.339e895fd57fd32bfce8937c33ce51eb.jpg,train/images/-_png.rf.339e895fd57fd32bfce8937c33ce51eb.jpg,2,대
C:\YANUS\lumos\train\images\-_png.rf.3b79632ec99f6103e5c9eff9c4659373.jpg,train/images/-_png.rf.3b79632ec99f6103e5c9eff9c4659373.jpg,2,대
C:\YANUS\lumos\train\images\-_png.rf.451bfcc07d566ce92cf3bb8197e72463.jpg,train/images/-_png.rf.451bfcc07d566ce92cf3bb8197e72463.jpg,2,대
C:\YANUS\lumos\train\images\-_png.rf.4a5626b15d7c4a8b1b084e2f9e67bf3a.jpg,train/images/-_png.rf.4a5626b15d7c4a8b1b084e2f9e67bf3a.jpg,2,대
C:\YANUS\lumos\train\images\-_png.rf.536f601fffa829ef3cc6319c8bd372f2.jpg,train/images/-_png.rf.536f601fffa829ef3cc6319c8bd372f2.jpg,2,대
C:\YANUS\lumos\train\images\-_png.rf.5809d514d5678956086ebfd751a0f2bb.jpg,train/images/-_png.rf.5809d514d5678956086ebfd751a0f2bb.jpg,2,대
C:\YANUS\lumos\train\images\-_png.rf.6155e797edb99e61ce09ec4715b27347.jpg,train/images/-_png.rf.6155e797edb99e61ce09ec4715b27347.jpg,2,대
C:\YANUS\lumos\train\images\-_png.rf.61f90b92eac238c9fefe6ff69717126c.jpg,train/images/-_png.rf.61f90b92eac238c9fefe6ff69717126c.jpg,2,대
C:\YANUS\lumos\train\images\-_png.rf.672f63611cb4920ef7dcb320a4371c15.jpg,train/images/-_png.rf.672f63611cb4920ef7dcb320a4371c15.jpg,2,대
C:\YANUS\lumos\train\images\-_png.rf.701cc051d8041fd5110f9b86b867daff.jpg,train/images/-_png.rf.701cc051d8041fd5110f9b86b867daff.jpg,2,대
C:\YANUS\lumos\train\images\-_png.rf.78212c0b8abe954954adc333ae0fc3d4.jpg,train/images/-_png.rf.78212c0b8abe954954adc333ae0fc3d4.jpg,2,대
C:\YANUS\lumos\train\images\-_png.rf.8103163b80e61fdbbcdc8a18014363d6.jpg,train/images/-_png.rf.8103163b80e61fdbbcdc8a18014363d6.jpg,2,대
C:\YANUS\lumos\train\images\-_png.rf.89f8ae1ad7a175f4f0dd43d35e402b85.jpg,train/images/-_png.rf.89f8ae1ad7a175f4f0dd43d35e402b85.jpg,2,대
C:\YANUS\lumos\train\images\-_png.rf.8a943aea54273ef2958e8ea92065a66d.jpg,train/images/-_png.rf.8a943aea54273ef2958e8ea92065a66d.jpg,2,대
C:\YANUS\lumos\train\images\-_png.rf.8e85042d20393675fe3235f6cc30400c.jpg,train/images/-_png.rf.8e85042d20393675fe3235f6cc30400c.jpg,2,대
C:\YANUS\lumos\train\images\-_png.rf.940315aa9d37db9193347e0f58c1b77b.jpg,train/images/-_png.rf.940315aa9d37db9193347e0f58c1b77b.jpg,2,대
C:\YANUS\lumos\train\images\-_png.rf.98e9a1aafc5cd5e51fd22e7cd055ed6e.jpg,train/images/-_png.rf.98e9a1aafc5cd5e51fd22e7cd055ed6e.jpg,2,대
C:\YANUS\lumos\train\images\-_png.rf.9cd0311d3f653cf45a2b041a8f128380.jpg,train/images/-_png.rf.9cd0311d3f653cf45a2b041a8f128380.jpg,2,대
C:\YANUS\lumos\train\images\-_png.rf.a482c021d3345e69e0a1a0fa74370933.jpg,train/images/-_png.rf.a482c021d3345e69e0a1a0fa74370933.jpg,2,대
C:\YANUS\lumos\train\images\-_png.rf.aa2df635af8137d915ae728cb8c4167c.jpg,train/images/-_png.rf.aa2df635af8137d915ae728cb8c4167c.jpg,2,대
C:\YANUS\lumos\train\images\-_png.rf.ae146484151248fd141474b68688f0aa.jpg,train/images/-_png.rf.ae146484151248fd141474b68688f0aa.jpg,2,대
C:\YANUS\lumos\train\images\-_png.rf.b1d5ccf22a576bec1785a11b319be55e.jpg,train/images/-_png.rf.b1d5ccf22a576bec1785a11b319be55e.jpg,2,대
C:\YANUS\lumos\train\images\-_png.rf.b23d7465f327fd02e866c71ea832bf40.jpg,train/images/-_png.rf.b23d7465f327fd02e866c71ea832bf40.jpg,2,대
C:\YANUS\lumos\train\images\-_png.rf.b4607a8eded9c0440d1b9710d49d5551.jpg,train/images/-_png.rf.b4607a8eded9c0440d1b9710d49d5551.jpg,2,대
C:\YANUS\lumos\train\images\-_png.rf.c24c7fe4a4cbb2625e91b1a5cd99d18b.jpg,train/images/-_png.rf.c24c7fe4a4cbb2625e91b1a5cd99d18b.jpg,2,대
C:\YANUS\lumos\train\images\-_png.rf.c2ff7e1cda89ce368ed1a9e10f6d9588.jpg,train/images/-_png.rf.c2ff7e1cda89ce368ed1a9e10f6d9588.jpg,2,대
C:\YANUS\lumos\train\images\-_png.rf.ce0425021ca14abfbb467df676ff3999.jpg,train/images/-_png.rf.ce0425021ca14abfbb467df676ff3999.jpg,0,소
C:\YANUS\lumos\train\images\-_png.rf.d262adb653c663943e8d525f049d75c1.jpg,train/images/-_png.rf.d262adb653c663943e8d525f049d75c1.jpg,2,대
C:\YANUS\lumos\train\images\-_png.rf.dbdb2de7c7175c080a193c6204a5b4b6.jpg,train/images/-_png.rf.dbdb2de7c7175c080a193c6204a5b4b6.jpg,2,대
C:\YANUS\lumos\train\images\-_png.rf.e079d1df35079373cda208f1a752cb65.jpg,train/images/-_png.rf.e079d1df35079373cda208f1a752cb65.jpg,2,대
C:\YANUS\lumos\train\images\-_png.rf.e188735641fb1568019c36be7ad4d765.jpg,train/images/-_png.rf.e188735641fb1568019c36be7ad4d765.jpg,2,대
C:\YANUS\lumos\train\images\-_png.rf.e79a5a0b592587f572c71255693e1020.jpg,train/images/-_png.rf.e79a5a0b592587f572c71255693e1020.jpg,2,대
C:\YANUS\lumos\train\images\-_png.rf.ebb17a896f6c522d09f17ee4ee12c385.jpg,train/images/-_png.rf.ebb17a896f6c522d09f17ee4ee12c385.jpg,2,대
C:\YANUS\lumos\train\images\-_png.rf.f0376d47533247ede374d72a0fa236ca.jpg,train/images/-_png.rf.f0376d47533247ede374d72a0fa236ca.jpg,2,대
C:\YANUS\lumos\train\images\-_ui_png.rf.8c214507da056c71a261449a5321052f.jpg,train/images/-_ui_png.rf.8c214507da056c71a261449a5321052f.jpg,2,대
C:\YANUS\lumos\train\images\-A_-_png.rf.01fa70882a9aa6f7a43733c285e50419.jpg,train/images/-A_-_png.rf.01fa70882a9aa6f7a43733c285e50419.jpg,2,대
C:\YANUS\lumos\train\images\-A_-_png.rf.0832a306e4d7d839f960d9f6e1330ebb.jpg,train/images/-A_-_png.rf.0832a306e4d7d839f960d9f6e1330ebb.jpg,1,중
C:\YANUS\lumos\train\images\-A_-_png.rf.6d45b1bbf4100a271ee166aabbfcac14.jpg,train/images/-A_-_png.rf.6d45b1bbf4100a271ee166aabbfcac14.jpg,2,대
C:\YANUS\lumos\train\images\-A_-_png.rf.70e80ec04f94bfc8a0a8ea5b24a48899.jpg,train/images/-A_-_png.rf.70e80ec04f94bfc8a0a8ea5b24a48899.jpg,1,중
C:\YANUS\lumos\train\images\-A_-_png.rf.8f779dcd8b4a32c7a6be9cbef8c20068.jpg,train/images/-A_-_png.rf.8f779dcd8b4a32c7a6be9cbef8c20068.jpg,1,중
C:\YANUS\lumos\train\images\-A_-_png.rf.948dd98dc99ba5313b9a93fb21ebe9f9.jpg,train/images/-A_-_png.rf.948dd98dc99ba5313b9a93fb21ebe9f9.jpg,0,소
C:\YANUS\lumos\train\images\-A_-_png.rf.e7ebb8cd80bd16e93eef71147249ea18.jpg,train/images/-A_-_png.rf.e7ebb8cd80bd16e93eef71147249ea18.jpg,2,대
C:\YANUS\lumos\train\images\-A_0-_png.rf.d0f563c172c293d755f2e8b5e4cd0a52.jpg,train/images/-A_0-_png.rf.d0f563c172c293d755f2e8b5e4cd0a52.jpg,1,중
C:\YANUS\lumos\train\images\-ON_-_png.rf.020cbda684f7d0dcac35379921fb91ea.jpg,train/images/-ON_-_png.rf.020cbda684f7d0dcac35379921fb91ea.jpg,1,중
C:\YANUS\lumos\train\images\-ON_-_png.rf.282e4f39e0af77881919bf2219fc79f8.jpg,train/images/-ON_-_png.rf.282e4f39e0af77881919bf2219fc79f8.jpg,2,대
C:\YANUS\lumos\train\images\-ON_-_png.rf.eb92967a326ab7674bbc858f7a0a21f2.jpg,train/images/-ON_-_png.rf.eb92967a326ab7674bbc858f7a0a21f2.jpg,1,중
C:\YANUS\lumos\train\images\-ON_-_png.rf.f8a67ba59fc7155a9e0f553b926c25f7.jpg,train/images/-ON_-_png.rf.f8a67ba59fc7155a9e0f553b926c25f7.jpg,2,대
C:\YANUS\lumos\train\images\10_png.rf.554df0d2149fb4883633929e8829a11d.jpg,train/images/10_png.rf.554df0d2149fb4883633929e8829a11d.jpg,2,대
C:\YANUS\lumos\train\images\11-_-_2_png.rf.9a33c234b2243a653dc02933eec5924c.jpg,train/images/11-_-_2_png.rf.9a33c234b2243a653dc02933eec5924c.jpg,2,대
C:\YANUS\lumos\train\images\11-_-_png.rf.01b27fdf78755bb7c10cbebeb209520b.jpg,train/images/11-_-_png.rf.01b27fdf78755bb7c10cbebeb209520b.jpg,2,대
C:\YANUS\lumos\train\images\11-_-_png.rf.34c7eb9fd0bcf84afbf3e28a794bc821.jpg,train/images/11-_-_png.rf.34c7eb9fd0bcf84afbf3e28a794bc821.jpg,2,대
C:\YANUS\lumos\train\images\11-_-_png.rf.3de36690ddd752943b184fa4ca5f0407.jpg,train/images/11-_-_png.rf.3de36690ddd752943b184fa4ca5f0407.jpg,2,대
C:\YANUS\lumos\train\images\11-_-_png.rf.5899d88e54fe434eb2eb66945df7fbd5.jpg,train/images/11-_-_png.rf.5899d88e54fe434eb2eb66945df7fbd5.jpg,2,대
C:\YANUS\lumos\train\images\11-_-_png.rf.77d0c1d03e60d5fcb2c202ddafa53773.jpg,train/images/11-_-_png.rf.77d0c1d03e60d5fcb2c202ddafa53773.jpg,2,대
C:\YANUS\lumos\train\images\11-_-_png.rf.86a47a13231d3f64deca64cbb9bf5070.jpg,train/images/11-_-_png.rf.86a47a13231d3f64deca64cbb9bf5070.jpg,2,대
C:\YANUS\lumos\train\images\11-_-_png.rf.d9a3c1d70d304d64eab58a9beec8b476.jpg,train/images/11-_-_png.rf.d9a3c1d70d304d64eab58a9beec8b476.jpg,2,대
C:\YANUS\lumos\train\images\13_png.rf.fc09df765b5b5269d147e3bedcea7b2e.jpg,train/images/13_png.rf.fc09df765b5b5269d147e3bedcea7b2e.jpg,2,대
C:\YANUS\lumos\train\images\14_png.rf.5db9b9795b1fa7905ef240228318c2f5.jpg,train/images/14_png.rf.5db9b9795b1fa7905ef240228318c2f5.jpg,0,소
C:\YANUS\lumos\train\images\15_png.rf.7d4209b66698ae53177429e1da1bf354.jpg,train/images/15_png.rf.7d4209b66698ae53177429e1da1bf354.jpg,2,대
C:\YANUS\lumos\train\images\16_png.rf.ae53a863628084eab8dc1c54543c98da.jpg,train/images/16_png.rf.ae53a863628084eab8dc1c54543c98da.jpg,2,대
C:\YANUS\lumos\train\images\17_png.rf.f8d5163524713f8c43184ec3b01af631.jpg,train/images/17_png.rf.f8d5163524713f8c43184ec3b01af631.jpg,2,대
C:\YANUS\lumos\train\images\1_png.rf.76e64562e65ae9428dd31aaff6052685.jpg,train/images/1_png.rf.76e64562e65ae9428dd31aaff6052685.jpg,2,대
C:\YANUS\lumos\train\images\20_png.rf.2613c097a761bc7e6b7d3a8961a02db5.jpg,train/images/20_png.rf.2613c097a761bc7e6b7d3a8961a02db5.jpg,2,대
C:\YANUS\lumos\train\images\21_png.rf.5208546da4c06b9325e586aeb1e91dc8.jpg,train/images/21_png.rf.5208546da4c06b9325e586aeb1e91dc8.jpg,2,대
C:\YANUS\lumos\train\images\22_png.rf.eae6f867e5d2be8e9c0b72f4e92cf2c5.jpg,train/images/22_png.rf.eae6f867e5d2be8e9c0b72f4e92cf2c5.jpg,0,소
C:\YANUS\lumos\train\images\23_png.rf.6e78559ec29896fffcc9dd23764d6238.jpg,train/images/23_png.rf.6e78559ec29896fffcc9dd23764d6238.jpg,0,소
C:\YANUS\lumos\train\images\25_png.rf.3fc11b6f0e51901104eabecaabfaeda2.jpg,train/images/25_png.rf.3fc11b6f0e51901104eabecaabfaeda2.jpg,2,대
C:\YANUS\lumos\train\images\26_png.rf.ed4eb5fe3ed816ecb5d8587f62cf641c.jpg,train/images/26_png.rf.ed4eb5fe3ed816ecb5d8587f62cf641c.jpg,2,대
C:\YANUS\lumos\train\images\27_png.rf.cc0fff184a101cfd8dc234483f6247cd.jpg,train/images/27_png.rf.cc0fff184a101cfd8dc234483f6247cd.jpg,1,중
C:\YANUS\lumos\train\images\28_png.rf.fa86742d0da048ddcce0c163a11ec9f5.jpg,train/images/28_png.rf.fa86742d0da048ddcce0c163a11ec9f5.jpg,2,대
C:\YANUS\lumos\train\images\29_png.rf.b63c27e93eca0ee3b6774fb11fbff20d.jpg,train/images/29_png.rf.b63c27e93eca0ee3b6774fb11fbff20d.jpg,2,대
C:\YANUS\lumos\train\images\29cm_-_png.rf.2c264c60a3d3f25323964bf8b373509c.jpg,train/images/29cm_-_png.rf.2c264c60a3d3f25323964bf8b373509c.jpg,1,중
C:\YANUS\lumos\train\images\29cm_-_png.rf.3582b3fb2885d740556655abb782b5a9.jpg,train/images/29cm_-_png.rf.3582b3fb2885d740556655abb782b5a9.jpg,2,대
C:\YANUS\lumos\train\images\29cm_-_png.rf.adedd10b141108f477f6a6239fdb6ea0.jpg,train/images/29cm_-_png.rf.adedd10b141108f477f6a6239fdb6ea0.jpg,1,중
C:\YANUS\lumos\train\images\29cm_-_png.rf.cec8beb877d8ad794cacb5193f7fe0b7.jpg,train/images/29cm_-_png.rf.cec8beb877d8ad794cacb5193f7fe0b7.jpg,2,대
C:\YANUS\lumos\train\images\29cm_-ui_png.rf.40e12b145f3be33d2c3e6c84dcb0d247.jpg,train/images/29cm_-ui_png.rf.40e12b145f3be33d2c3e6c84dcb0d247.jpg,2,대
C:\YANUS\lumos\train\images\2_png.rf.a1944a18ba55864d49f2017083ddc125.jpg,train/images/2_png.rf.a1944a18ba55864d49f2017083ddc125.jpg,2,대
C:\YANUS\lumos\train\images\30_png.rf.bb0adc51a77bdd035a632f5eabed0728.jpg,train/images/30_png.rf.bb0adc51a77bdd035a632f5eabed0728.jpg,2,대
C:\YANUS\lumos\train\images\31_png.rf.59c97037b26b571ebdf56ab1f49c7d7f.jpg,train/images/31_png.rf.59c97037b26b571ebdf56ab1f49c7d7f.jpg,2,대
C:\YANUS\lumos\train\images\35_png.rf.e735b59c3cf132704963e7afece3d013.jpg,train/images/35_png.rf.e735b59c3cf132704963e7afece3d013.jpg,2,대
C:\YANUS\lumos\train\images\36_png.rf.4b42c4432cee72607a95ba6c33224e1f.jpg,train/images/36_png.rf.4b42c4432cee72607a95ba6c33224e1f.jpg,1,중
C:\YANUS\lumos\train\images\37_png.rf.efaeac8b1855f132c1baa8ec77119692.jpg,train/images/37_png.rf.efaeac8b1855f132c1baa8ec77119692.jpg,2,대
C:\YANUS\lumos\train\images\38_png.rf.d228bebfffd6c0fb0e4dc6755476582b.jpg,train/images/38_png.rf.d228bebfffd6c0fb0e4dc6755476582b.jpg,2,대
C:\YANUS\lumos\train\images\3_png.rf.874542d068889323a6d7390187658c5f.jpg,train/images/3_png.rf.874542d068889323a6d7390187658c5f.jpg,2,대
C:\YANUS\lumos\train\images\40_png.rf.664be1364f246645db434aee409655af.jpg,train/images/40_png.rf.664be1364f246645db434aee409655af.jpg,2,대
C:\YANUS\lumos\train\images\42-_png.rf.c739a9e964dc21c43b8ead1eaf8367ce.jpg,train/images/42-_png.rf.c739a9e964dc21c43b8ead1eaf8367ce.jpg,2,대
C:\YANUS\lumos\train\images\43_png.rf.525741513674b3d1130c94fd0b4cf3e6.jpg,train/images/43_png.rf.525741513674b3d1130c94fd0b4cf3e6.jpg,2,대
C:\YANUS\lumos\train\images\44_png.rf.7e2a6dc07f8e709d173b8b0f47a195d4.jpg,train/images/44_png.rf.7e2a6dc07f8e709d173b8b0f47a195d4.jpg,0,소
C:\YANUS\lumos\train\images\46_png.rf.b7cfa5950a44a3af91d0355f249c0458.jpg,train/images/46_png.rf.b7cfa5950a44a3af91d0355f249c0458.jpg,0,소
C:\YANUS\lumos\train\images\49_png.rf.16d5259b92a97b66076e826a1f3d508b.jpg,train/images/49_png.rf.16d5259b92a97b66076e826a1f3d508b.jpg,1,중
C:\YANUS\lumos\train\images\4_png.rf.d9bb35dda52e1c820288b42238674fb1.jpg,train/images/4_png.rf.d9bb35dda52e1c820288b42238674fb1.jpg,2,대
C:\YANUS\lumos\train\images\50_png.rf.b9d18623d09c1f7b3bdd70c062d2a336.jpg,train/images/50_png.rf.b9d18623d09c1f7b3bdd70c062d2a336.jpg,0,소
C:\YANUS\lumos\train\images\52_png.rf.e7569c9c8338d75123e29317550ff4ae.jpg,train/images/52_png.rf.e7569c9c8338d75123e29317550ff4ae.jpg,2,대
C:\YANUS\lumos\train\images\53_png.rf.22f8216d0a74f947796abc80df2c6e3d.jpg,train/images/53_png.rf.22f8216d0a74f947796abc80df2c6e3d.jpg,0,소
C:\YANUS\lumos\train\images\6_png.rf.6899972b2441a154c238cc63bdabe31f.jpg,train/images/6_png.rf.6899972b2441a154c238cc63bdabe31f.jpg,2,대
C:\YANUS\lumos\train\images\8_png.rf.1b32c8dfcc3bca10cf0e0184516ec632.jpg,train/images/8_png.rf.1b32c8dfcc3bca10cf0e0184516ec632.jpg,2,대
C:\YANUS\lumos\train\images\9_png.rf.e116d6919bcbb7fa085a2edf9ba11d1c.jpg,train/images/9_png.rf.e116d6919bcbb7fa085a2edf9ba11d1c.jpg,2,대
C:\YANUS\lumos\train\images\AK-10_png.rf.e90c5d1ea124993333618fdc7b2b82cf.jpg,train/images/AK-10_png.rf.e90c5d1ea124993333618fdc7b2b82cf.jpg,2,대
C:\YANUS\lumos\train\images\AK-11_png.rf.1df58c6998f31256df3f667b5be41782.jpg,train/images/AK-11_png.rf.1df58c6998f31256df3f667b5be41782.jpg,2,대
C:\YANUS\lumos\train\images\AK-15_png.rf.23e9608df1eba9d6a4117452e92d1ddd.jpg,train/images/AK-15_png.rf.23e9608df1eba9d6a4117452e92d1ddd.jpg,2,대
C:\YANUS\lumos\train\images\AK-17_png.rf.f334d67186811ce053db5f98fac2a59d.jpg,train/images/AK-17_png.rf.f334d67186811ce053db5f98fac2a59d.jpg,2,대
C:\YANUS\lumos\train\images\AK-18_png.rf.2cc2202c0f721f607a6234e4cc15731f.jpg,train/images/AK-18_png.rf.2cc2202c0f721f607a6234e4cc15731f.jpg,2,대
C:\YANUS\lumos\train\images\AK-19_png.rf.bbcc09910f2b59e71886f0067c4b4c9f.jpg,train/images/AK-19_png.rf.bbcc09910f2b59e71886f0067c4b4c9f.jpg,2,대
C:\YANUS\lumos\train\images\AK-20_png.rf.6916d08586ce7c056829ee2b5f7db8c3.jpg,train/images/AK-20_png.rf.6916d08586ce7c056829ee2b5f7db8c3.jpg,2,대
C:\YANUS\lumos\train\images\AK-21_png.rf.b81d9ec4cfb8cd5ad7ff7a767689bc8a.jpg,train/images/AK-21_png.rf.b81d9ec4cfb8cd5ad7ff7a767689bc8a.jpg,2,대
C:\YANUS\lumos\train\images\AK-22_png.rf.fbc5fc29e4905cc5acbbfebf1dde71d8.jpg,train/images/AK-22_png.rf.fbc5fc29e4905cc5acbbfebf1dde71d8.jpg,2,대
C:\YANUS\lumos\train\images\AK-2_png.rf.f90198add8b40dfac0c397eef80add65.jpg,train/images/AK-2_png.rf.f90198add8b40dfac0c397eef80add65.jpg,2,대
C:\YANUS\lumos\train\images\AK-4_png.rf.de7a15a601ecff004e493447ee868605.jpg,train/images/AK-4_png.rf.de7a15a601ecff004e493447ee868605.jpg,2,대
C:\YANUS\lumos\train\images\AK-5_png.rf.07641f17ad241449eafb175a3656f3bb.jpg,train/images/AK-5_png.rf.07641f17ad241449eafb175a3656f3bb.jpg,2,대
C:\YANUS\lumos\train\images\AK-6_png.rf.e123d9547d6b34c3bfca5bf8f9abe560.jpg,train/images/AK-6_png.rf.e123d9547d6b34c3bfca5bf8f9abe560.jpg,2,대
C:\YANUS\lumos\train\images\AK-7_png.rf.2091c096ea03bc42bbe901e344efedcb.jpg,train/images/AK-7_png.rf.2091c096ea03bc42bbe901e344efedcb.jpg,1,중
C:\YANUS\lumos\train\images\AK-8_png.rf.419e42c1896c861a6ff5321fd22b4e12.jpg,train/images/AK-8_png.rf.419e42c1896c861a6ff5321fd22b4e12.jpg,2,대
C:\YANUS\lumos\train\images\AK-9_png.rf.0b6dcc606f279123bb75c0294fb98661.jpg,train/images/AK-9_png.rf.0b6dcc606f279123bb75c0294fb98661.jpg,0,소
C:\YANUS\lumos\train\images\AK-_png.rf.697d4d68d3bf1665e814cf62274c4adb.jpg,train/images/AK-_png.rf.697d4d68d3bf1665e814cf62274c4adb.jpg,2,대
C:\YANUS\lumos\train\images\amazon1_png.rf.1a035f40ed695c6ab1f75679fd4f84cb.jpg,train/images/amazon1_png.rf.1a035f40ed695c6ab1f75679fd4f84cb.jpg,2,대
C:\YANUS\lumos\train\images\amazon2_png.rf.40bd88383d43b27e534458d929e656cc.jpg,train/images/amazon2_png.rf.40bd88383d43b27e534458d929e656cc.jpg,2,대
C:\YANUS\lumos\train\images\cafe1_png.rf.7cbb2a3d2d0dd7eb2b2e87caa8910023.jpg,train/images/cafe1_png.rf.7cbb2a3d2d0dd7eb2b2e87caa8910023.jpg,0,소
C:\YANUS\lumos\train\images\cafe24_png.rf.da991e5111aa83dc31feb0fa7cd007dc.jpg,train/images/cafe24_png.rf.da991e5111aa83dc31feb0fa7cd007dc.jpg,2,대
C:\YANUS\lumos\train\images\cjonst13_png.rf.51d06fa1219c5ad34cb4c952031320da.jpg,train/images/cjonst13_png.rf.51d06fa1219c5ad34cb4c952031320da.jpg,1,중
C:\YANUS\lumos\train\images\cjonst15_png.rf.faecaa6dd6af82ce6576315ff53510ab.jpg,train/images/cjonst15_png.rf.faecaa6dd6af82ce6576315ff53510ab.jpg,2,대
C:\YANUS\lumos\train\images\cjonst16_png.rf.e858659f5b939710e8ef8ffe45ad1be1.jpg,train/images/cjonst16_png.rf.e858659f5b939710e8ef8ffe45ad1be1.jpg,1,중
C:\YANUS\lumos\train\images\cjonst18_png.rf.58c1ea47b53dba5ddd88ddd03c3c4457.jpg,train/images/cjonst18_png.rf.58c1ea47b53dba5ddd88ddd03c3c4457.jpg,1,중
C:\YANUS\lumos\train\images\cjonst1_png.rf.b167a2078ab4acb39722c240347108de.jpg,train/images/cjonst1_png.rf.b167a2078ab4acb39722c240347108de.jpg,2,대
C:\YANUS\lumos\train\images\cjonst21_png.rf.7d79f4a35e6636327e56d0d168bc7aa0.jpg,train/images/cjonst21_png.rf.7d79f4a35e6636327e56d0d168bc7aa0.jpg,1,중
C:\YANUS\lumos\train\images\cjonst4_png.rf.4d543a535692b429dc0145c03e9630f0.jpg,train/images/cjonst4_png.rf.4d543a535692b429dc0145c03e9630f0.jpg,2,대
C:\YANUS\lumos\train\images\cjonst5_png.rf.24cb7cc0a461168a501fb958bba7c2fd.jpg,train/images/cjonst5_png.rf.24cb7cc0a461168a501fb958bba7c2fd.jpg,2,대
C:\YANUS\lumos\train\images\cjonst6_png.rf.d11b483cf68a4b2ccddd13735c589c63.jpg,train/images/cjonst6_png.rf.d11b483cf68a4b2ccddd13735c589c63.jpg,1,중
C:\YANUS\lumos\train\images\cjonst9_png.rf.7986f34e5c8ebed263fc91c20cf3b2eb.jpg,train/images/cjonst9_png.rf.7986f34e5c8ebed263fc91c20cf3b2eb.jpg,1,중
C:\YANUS\lumos\train\images\coocha11_png.rf.60a504f4038481dfdca70f7b1f5dc835.jpg,train/images/coocha11_png.rf.60a504f4038481dfdca70f7b1f5dc835.jpg,2,대
C:\YANUS\lumos\train\images\coocha14_png.rf.d27124364e729b1240be96e75507e8ba.jpg,train/images/coocha14_png.rf.d27124364e729b1240be96e75507e8ba.jpg,1,중
C:\YANUS\lumos\train\images\coocha15_png.rf.e9d3c9c187f7dee0036493256a6ad866.jpg,train/images/coocha15_png.rf.e9d3c9c187f7dee0036493256a6ad866.jpg,2,대
C:\YANUS\lumos\train\images\coocha16_png.rf.2651f3d8de96f93fcf28f220f871f44b.jpg,train/images/coocha16_png.rf.2651f3d8de96f93fcf28f220f871f44b.jpg,2,대
C:\YANUS\lumos\train\images\coocha17_png.rf.9d8cba144fd45b7cdb736f5eb91c9c36.jpg,train/images/coocha17_png.rf.9d8cba144fd45b7cdb736f5eb91c9c36.jpg,2,대
C:\YANUS\lumos\train\images\coocha18_png.rf.ef20ebf4126576f2865e97e06c94fe0b.jpg,train/images/coocha18_png.rf.ef20ebf4126576f2865e97e06c94fe0b.jpg,2,대
C:\YANUS\lumos\train\images\coocha4_png.rf.2edcb08e56fdc00c00179002fc213c28.jpg,train/images/coocha4_png.rf.2edcb08e56fdc00c00179002fc213c28.jpg,2,대
C:\YANUS\lumos\train\images\coocha5_png.rf.c2b44e032b91495e66b8b36d57603dee.jpg,train/images/coocha5_png.rf.c2b44e032b91495e66b8b36d57603dee.jpg,2,대
C:\YANUS\lumos\train\images\coocha6_png.rf.db0793ec5860110886392422567b261e.jpg,train/images/coocha6_png.rf.db0793ec5860110886392422567b261e.jpg,2,대
C:\YANUS\lumos\train\images\coocha7_png.rf.2ca08b747fc3e40d3ffbb228a2617d0b.jpg,train/images/coocha7_png.rf.2ca08b747fc3e40d3ffbb228a2617d0b.jpg,2,대
C:\YANUS\lumos\train\images\coocha9_png.rf.27777d8aa977230be2034219aa9f7c62.jpg,train/images/coocha9_png.rf.27777d8aa977230be2034219aa9f7c62.jpg,2,대
C:\YANUS\lumos\train\images\jtbc10_png.rf.4484af94e18f2ef3259482e153184a75.jpg,train/images/jtbc10_png.rf.4484af94e18f2ef3259482e153184a75.jpg,2,대
C:\YANUS\lumos\train\images\jtbc11_png.rf.90a174eb1654b07fcadab6762db707d5.jpg,train/images/jtbc11_png.rf.90a174eb1654b07fcadab6762db707d5.jpg,1,중
C:\YANUS\lumos\train\images\jtbc12_png.rf.b3aac4afd5c6b529e276b0d80bac0af8.jpg,train/images/jtbc12_png.rf.b3aac4afd5c6b529e276b0d80bac0af8.jpg,1,중
C:\YANUS\lumos\train\images\jtbc14_png.rf.a056e0ef25448a75cce8dcddf53d6fae.jpg,train/images/jtbc14_png.rf.a056e0ef25448a75cce8dcddf53d6fae.jpg,0,소
C:\YANUS\lumos\train\images\jtbc15_png.rf.6ba9e67ae156df7dda5fae2352a693c3.jpg,train/images/jtbc15_png.rf.6ba9e67ae156df7dda5fae2352a693c3.jpg,2,대
C:\YANUS\lumos\train\images\jtbc17_png.rf.9779df2d477f23dc4e55906175e3801f.jpg,train/images/jtbc17_png.rf.9779df2d477f23dc4e55906175e3801f.jpg,2,대
C:\YANUS\lumos\train\images\jtbc2_png.rf.145c4fb06fed92924bafa90a3e6f667c.jpg,train/images/jtbc2_png.rf.145c4fb06fed92924bafa90a3e6f667c.jpg,2,대
C:\YANUS\lumos\train\images\jtbc3_png.rf.8f99f263c821d2a83a31c5bc18a21a4c.jpg,train/images/jtbc3_png.rf.8f99f263c821d2a83a31c5bc18a21a4c.jpg,2,대
C:\YANUS\lumos\train\images\jtbc4_png.rf.1e9cb3075f54a869cae75e9f6da065ad.jpg,train/images/jtbc4_png.rf.1e9cb3075f54a869cae75e9f6da065ad.jpg,2,대
C:\YANUS\lumos\train\images\jtbc6_png.rf.9e0a910b1223a35b3f67eb12be0587ef.jpg,train/images/jtbc6_png.rf.9e0a910b1223a35b3f67eb12be0587ef.jpg,2,대
C:\YANUS\lumos\train\images\jtbc7_png.rf.f933c9ec8690881007029710bec1cdf8.jpg,train/images/jtbc7_png.rf.f933c9ec8690881007029710bec1cdf8.jpg,2,대
C:\YANUS\lumos\train\images\jtbc8_png.rf.5cc160373042f91fae7c04cd80d72293.jpg,train/images/jtbc8_png.rf.5cc160373042f91fae7c04cd80d72293.jpg,2,대
C:\YANUS\lumos\train\images\jtbc_png.rf.86c0ca5dcda2a1ecbf3058b13c51744c.jpg,train/images/jtbc_png.rf.86c0ca5dcda2a1ecbf3058b13c51744c.jpg,2,대
C:\YANUS\lumos\train\images\kakaobank2_png.rf.48760e7aadb379ad9c0334b26ce638da.jpg,train/images/kakaobank2_png.rf.48760e7aadb379ad9c0334b26ce638da.jpg,0,소
C:\YANUS\lumos\train\images\kakaobank3_png.rf.0f33b5ad4bd6dbe1b8b3d97b33c00b06.jpg,train/images/kakaobank3_png.rf.0f33b5ad4bd6dbe1b8b3d97b33c00b06.jpg,1,중
C:\YANUS\lumos\train\images\KakaoTalk_20250917_184713114_01_png.rf.b938b0174f872cf4ba1339ef8c4ba270.jpg,train/images/KakaoTalk_20250917_184713114_01_png.rf.b938b0174f872cf4ba1339ef8c4ba270.jpg,0,소
C:\YANUS\lumos\train\images\KakaoTalk_20250917_184713114_png.rf.01cb3c60f21d9550f8054e7426dc8ee9.jpg,train/images/KakaoTalk_20250917_184713114_png.rf.01cb3c60f21d9550f8054e7426dc8ee9.jpg,0,소
C:\YANUS\lumos\train\images\KakaoTalk_20250917_184801266_01_png.rf.1e9de71f4f2569c7f84f502af5362a41.jpg,train/images/KakaoTalk_20250917_184801266_01_png.rf.1e9de71f4f2569c7f84f502af5362a41.jpg,2,대
C:\YANUS\lumos\train\images\KakaoTalk_20250917_184801266_02_png.rf.c5d96d93212210e8fcce728c25be73e0.jpg,train/images/KakaoTalk_20250917_184801266_02_png.rf.c5d96d93212210e8fcce728c25be73e0.jpg,2,대
C:\YANUS\lumos\train\images\KakaoTalk_20250918_140419582_01_png.rf.b2ff242596235eb7867dc579521ec9fb.jpg,train/images/KakaoTalk_20250918_140419582_01_png.rf.b2ff242596235eb7867dc579521ec9fb.jpg,2,대
C:\YANUS\lumos\train\images\KakaoTalk_20250918_140419582_02_png.rf.6cf1be405f7bc3ea299d550d0caad831.jpg,train/images/KakaoTalk_20250918_140419582_02_png.rf.6cf1be405f7bc3ea299d550d0caad831.jpg,2,대
C:\YANUS\lumos\train\images\KakaoTalk_20250918_140419582_03_png.rf.ef72e6dcff85dce22b83a392a2574d2e.jpg,train/images/KakaoTalk_20250918_140419582_03_png.rf.ef72e6dcff85dce22b83a392a2574d2e.jpg,2,대
C:\YANUS\lumos\train\images\KakaoTalk_20250918_140419582_04_png.rf.13c760e80bebd6bc5d4bcbafa344efcd.jpg,train/images/KakaoTalk_20250918_140419582_04_png.rf.13c760e80bebd6bc5d4bcbafa344efcd.jpg,2,대
C:\YANUS\lumos\train\images\KakaoTalk_20250918_140419582_06_png.rf.dfb824d2c21fdc4ed8459735267b7c68.jpg,train/images/KakaoTalk_20250918_140419582_06_png.rf.dfb824d2c21fdc4ed8459735267b7c68.jpg,2,대
C:\YANUS\lumos\train\images\KakaoTalk_20250918_140419582_07_png.rf.7a9a209fcddf13ea3c8d584561a54d9e.jpg,train/images/KakaoTalk_20250918_140419582_07_png.rf.7a9a209fcddf13ea3c8d584561a54d9e.jpg,2,대
C:\YANUS\lumos\train\images\KakaoTalk_20250918_140419582_08_png.rf.b3a84cd791a1ac4d6c1c5e1612537d6c.jpg,train/images/KakaoTalk_20250918_140419582_08_png.rf.b3a84cd791a1ac4d6c1c5e1612537d6c.jpg,2,대
C:\YANUS\lumos\train\images\KakaoTalk_20250918_140419582_10_png.rf.d5b8c052d415b3975222c9e808428d21.jpg,train/images/KakaoTalk_20250918_140419582_10_png.rf.d5b8c052d415b3975222c9e808428d21.jpg,2,대
C:\YANUS\lumos\train\images\KakaoTalk_20250918_140419582_11_png.rf.9c5abb256c5eaeb962bf6a920ceed90b.jpg,train/images/KakaoTalk_20250918_140419582_11_png.rf.9c5abb256c5eaeb962bf6a920ceed90b.jpg,2,대
C:\YANUS\lumos\train\images\KakaoTalk_20250918_140419582_12_png.rf.1ba976a77280c6e2170585033f9c8ca2.jpg,train/images/KakaoTalk_20250918_140419582_12_png.rf.1ba976a77280c6e2170585033f9c8ca2.jpg,2,대
C:\YANUS\lumos\train\images\KakaoTalk_20250918_140419582_13_png.rf.d5d249e56f5adfacd428e5a2dc16ce6b.jpg,train/images/KakaoTalk_20250918_140419582_13_png.rf.d5d249e56f5adfacd428e5a2dc16ce6b.jpg,1,중
C:\YANUS\lumos\train\images\KakaoTalk_20250918_140419582_14_png.rf.92b8e68126482aa947bd93bc8be71cc5.jpg,train/images/KakaoTalk_20250918_140419582_14_png.rf.92b8e68126482aa947bd93bc8be71cc5.jpg,2,대
C:\YANUS\lumos\train\images\KakaoTalk_20250918_140419582_15_png.rf.49cefeed37cbd086ad1f0e0dd5839cef.jpg,train/images/KakaoTalk_20250918_140419582_15_png.rf.49cefeed37cbd086ad1f0e0dd5839cef.jpg,2,대
C:\YANUS\lumos\train\images\KakaoTalk_20250918_140419582_16_png.rf.c544ec389d18583fc6da2cbed54a28c1.jpg,train/images/KakaoTalk_20250918_140419582_16_png.rf.c544ec389d18583fc6da2cbed54a28c1.jpg,2,대
C:\YANUS\lumos\train\images\KakaoTalk_20250918_140419582_17_png.rf.4c0a68ef132c5d8c728b363b3d119b3d.jpg,train/images/KakaoTalk_20250918_140419582_17_png.rf.4c0a68ef132c5d8c728b363b3d119b3d.jpg,1,중
C:\YANUS\lumos\train\images\KakaoTalk_20250918_140419582_18_png.rf.23c00678b7b2829886617b79cb4082b3.jpg,train/images/KakaoTalk_20250918_140419582_18_png.rf.23c00678b7b2829886617b79cb4082b3.jpg,1,중
C:\YANUS\lumos\train\images\KakaoTalk_20250918_140419582_20_png.rf.e2ca00b521532db691cca21de62c1dad.jpg,train/images/KakaoTalk_20250918_140419582_20_png.rf.e2ca00b521532db691cca21de62c1dad.jpg,0,소
C:\YANUS\lumos\train\images\KakaoTalk_20250918_140419582_21_png.rf.fd370ec7e66c1c98ccd5049dc71b58eb.jpg,train/images/KakaoTalk_20250918_140419582_21_png.rf.fd370ec7e66c1c98ccd5049dc71b58eb.jpg,2,대
C:\YANUS\lumos\train\images\KakaoTalk_20250918_140419582_24_png.rf.89f4834c86d47149cc5dec651ed88eef.jpg,train/images/KakaoTalk_20250918_140419582_24_png.rf.89f4834c86d47149cc5dec651ed88eef.jpg,2,대
C:\YANUS\lumos\train\images\KakaoTalk_20250918_140419582_25_png.rf.d378fd005e9e937fc1fcbcf75420ac76.jpg,train/images/KakaoTalk_20250918_140419582_25_png.rf.d378fd005e9e937fc1fcbcf75420ac76.jpg,0,소
C:\YANUS\lumos\train\images\KakaoTalk_20250918_140419582_26_png.rf.4fbb2f1086bf8a18c67f1fc2d95cf94a.jpg,train/images/KakaoTalk_20250918_140419582_26_png.rf.4fbb2f1086bf8a18c67f1fc2d95cf94a.jpg,2,대
C:\YANUS\lumos\train\images\KakaoTalk_20250918_140419582_27_png.rf.ade601165594dab4be2137ed916382e2.jpg,train/images/KakaoTalk_20250918_140419582_27_png.rf.ade601165594dab4be2137ed916382e2.jpg,2,대
C:\YANUS\lumos\train\images\KakaoTalk_20250918_140419582_28_png.rf.75f97e1f1fba95cdd3bea80271f1cb04.jpg,train/images/KakaoTalk_20250918_140419582_28_png.rf.75f97e1f1fba95cdd3bea80271f1cb04.jpg,2,대
C:\YANUS\lumos\train\images\KakaoTalk_20250918_140419582_29_png.rf.14e1a973196d872bcdc49a1a7dca71ea.jpg,train/images/KakaoTalk_20250918_140419582_29_png.rf.14e1a973196d872bcdc49a1a7dca71ea.jpg,1,중
C:\YANUS\lumos\train\images\KakaoTalk_20250918_140419582_jpg.rf.8c55a838dfd6c2909b11b0d2d70273d9.jpg,train/images/KakaoTalk_20250918_140419582_jpg.rf.8c55a838dfd6c2909b11b0d2d70273d9.jpg,2,대
C:\YANUS\lumos\train\images\KakaoTalk_20250918_140422032_01_png.rf.9622fe5087d11e5c1f83fce3641a5d99.jpg,train/images/KakaoTalk_20250918_140422032_01_png.rf.9622fe5087d11e5c1f83fce3641a5d99.jpg,2,대
C:\YANUS\lumos\train\images\KakaoTalk_20250918_140422032_02_png.rf.517fc1dcd710c302ee3938d64cd7f8ab.jpg,train/images/KakaoTalk_20250918_140422032_02_png.rf.517fc1dcd710c302ee3938d64cd7f8ab.jpg,0,소
C:\YANUS\lumos\train\images\KakaoTalk_20250918_140422032_03_png.rf.002c801937d30a9e30548f90cb4d2a1d.jpg,train/images/KakaoTalk_20250918_140422032_03_png.rf.002c801937d30a9e30548f90cb4d2a1d.jpg,2,대
C:\YANUS\lumos\train\images\KakaoTalk_20250918_140422032_04_png.rf.91257a6fc5a32ed543a22e3f52005dcb.jpg,train/images/KakaoTalk_20250918_140422032_04_png.rf.91257a6fc5a32ed543a22e3f52005dcb.jpg,2,대
C:\YANUS\lumos\train\images\KakaoTalk_20250918_140422032_05_png.rf.333156b093c69df2a4cd619d894ff318.jpg,train/images/KakaoTalk_20250918_140422032_05_png.rf.333156b093c69df2a4cd619d894ff318.jpg,0,소
C:\YANUS\lumos\train\images\KakaoTalk_20250918_140422032_06_png.rf.38b42038cd79f4c364658fb4dad85d81.jpg,train/images/KakaoTalk_20250918_140422032_06_png.rf.38b42038cd79f4c364658fb4dad85d81.jpg,1,중
C:\YANUS\lumos\train\images\KakaoTalk_20250918_140422032_09_png.rf.80e34c3911746326101a245be7f256e7.jpg,train/images/KakaoTalk_20250918_140422032_09_png.rf.80e34c3911746326101a245be7f256e7.jpg,1,중
C:\YANUS\lumos\train\images\KakaoTalk_20250918_140422032_12_png.rf.c35171b8935a310e4f04ad5ff52e32f8.jpg,train/images/KakaoTalk_20250918_140422032_12_png.rf.c35171b8935a310e4f04ad5ff52e32f8.jpg,0,소
C:\YANUS\lumos\train\images\KakaoTalk_20250918_140422032_13_png.rf.0371f51df012ffe4c0d30f8b2af760c8.jpg,train/images/KakaoTalk_20250918_140422032_13_png.rf.0371f51df012ffe4c0d30f8b2af760c8.jpg,2,대
C:\YANUS\lumos\train\images\KakaoTalk_20250918_140422032_14_png.rf.76f4451255e52dc1a37569894b88ca85.jpg,train/images/KakaoTalk_20250918_140422032_14_png.rf.76f4451255e52dc1a37569894b88ca85.jpg,1,중
C:\YANUS\lumos\train\images\KakaoTalk_20250918_140422032_15_png.rf.7cc19b02abaf006ea13602210fefb219.jpg,train/images/KakaoTalk_20250918_140422032_15_png.rf.7cc19b02abaf006ea13602210fefb219.jpg,2,대
C:\YANUS\lumos\train\images\KakaoTalk_20250918_140422032_16_png.rf.1f40de33cc214b6ae1955b31983863f6.jpg,train/images/KakaoTalk_20250918_140422032_16_png.rf.1f40de33cc214b6ae1955b31983863f6.jpg,2,대
C:\YANUS\lumos\train\images\KakaoTalk_20250918_140422032_17_png.rf.883cc7280170b0c7b62c4d9e939a70c7.jpg,train/images/KakaoTalk_20250918_140422032_17_png.rf.883cc7280170b0c7b62c4d9e939a70c7.jpg,2,대
C:\YANUS\lumos\train\images\KakaoTalk_20250918_140422032_21_png.rf.d16593dcbeaf8ff9fd0a27c9b3370e76.jpg,train/images/KakaoTalk_20250918_140422032_21_png.rf.d16593dcbeaf8ff9fd0a27c9b3370e76.jpg,2,대
C:\YANUS\lumos\train\images\KakaoTalk_20250918_140422032_22_png.rf.42718612524e4cd15611bdf0a86c1af0.jpg,train/images/KakaoTalk_20250918_140422032_22_png.rf.42718612524e4cd15611bdf0a86c1af0.jpg,2,대
C:\YANUS\lumos\train\images\KakaoTalk_20250918_140422032_png.rf.e5dbbdba7357f0642250d74e78ab1322.jpg,train/images/KakaoTalk_20250918_140422032_png.rf.e5dbbdba7357f0642250d74e78ab1322.jpg,2,대
C:\YANUS\lumos\train\images\KakaoTalk_20250918_140450603_jpg.rf.2c5069dd325fbd80a30cfcf3241e3c4b.jpg,train/images/KakaoTalk_20250918_140450603_jpg.rf.2c5069dd325fbd80a30cfcf3241e3c4b.jpg,2,대
C:\YANUS\lumos\train\images\KakaoTalk_20250918_153829628-1-_jpg.rf.4cecd9dd439fa7caf0006fcce9992719.jpg,train/images/KakaoTalk_20250918_153829628-1-_jpg.rf.4cecd9dd439fa7caf0006fcce9992719.jpg,2,대
C:\YANUS\lumos\train\images\KakaoTalk_20250918_153829628_04-1-_jpg.rf.0a11c84526b72dc41f8a92f1e0259b20.jpg,train/images/KakaoTalk_20250918_153829628_04-1-_jpg.rf.0a11c84526b72dc41f8a92f1e0259b20.jpg,1,중
C:\YANUS\lumos\train\images\KakaoTalk_20250918_153829628_06-1-_png.rf.9bd752a9213704c21f8092bf562d8fd0.jpg,train/images/KakaoTalk_20250918_153829628_06-1-_png.rf.9bd752a9213704c21f8092bf562d8fd0.jpg,2,대
C:\YANUS\lumos\train\images\KakaoTalk_20250918_153829628_07-1-_png.rf.fe8f6a6884c1cd5ae2e605b9a6475cc3.jpg,train/images/KakaoTalk_20250918_153829628_07-1-_png.rf.fe8f6a6884c1cd5ae2e605b9a6475cc3.jpg,1,중
C:\YANUS\lumos\train\images\KakaoTalk_20250918_153829628_08-1-_jpg.rf.aca4b8d89b80434c932a3111d7f80400.jpg,train/images/KakaoTalk_20250918_153829628_08-1-_jpg.rf.aca4b8d89b80434c932a3111d7f80400.jpg,1,중
C:\YANUS\lumos\train\images\KakaoTalk_20250918_153829628_09-1-_jpg.rf.af76e6a9e5bd3ef36d94cb56e4c3e544.jpg,train/images/KakaoTalk_20250918_153829628_09-1-_jpg.rf.af76e6a9e5bd3ef36d94cb56e4c3e544.jpg,1,중
C:\YANUS\lumos\train\images\KakaoTalk_20250918_153829628_10-1-_png.rf.938ddb5554cf14618959a5b05f7875f1.jpg,train/images/KakaoTalk_20250918_153829628_10-1-_png.rf.938ddb5554cf14618959a5b05f7875f1.jpg,0,소
C:\YANUS\lumos\train\images\KakaoTalk_20250918_153829628_11-1-_png.rf.06ff8b5a0614758eb44358acb90bc385.jpg,train/images/KakaoTalk_20250918_153829628_11-1-_png.rf.06ff8b5a0614758eb44358acb90bc385.jpg,2,대
C:\YANUS\lumos\train\images\KakaoTalk_20250918_153829628_12-1-_png.rf.02503d43cbb92fef8f193d4a30b4cc0e.jpg,train/images/KakaoTalk_20250918_153829628_12-1-_png.rf.02503d43cbb92fef8f193d4a30b4cc0e.jpg,2,대
C:\YANUS\lumos\train\images\KakaoTalk_20250918_153829628_14-1-_png.rf.8c5466495f0fc528796ad1f8ce3b9ef9.jpg,train/images/KakaoTalk_20250918_153829628_14-1-_png.rf.8c5466495f0fc528796ad1f8ce3b9ef9.jpg,1,중
C:\YANUS\lumos\train\images\KakaoTalk_20250918_153829628_16-1-_jpg.rf.13be0dc7e50019d856200f9d98c33ac0.jpg,train/images/KakaoTalk_20250918_153829628_16-1-_jpg.rf.13be0dc7e50019d856200f9d98c33ac0.jpg,2,대
C:\YANUS\lumos\train\images\KakaoTalk_20250918_153829628_17-1-_png.rf.98e6dbdf5fd4e28357a6570a6a72bd45.jpg,train/images/KakaoTalk_20250918_153829628_17-1-_png.rf.98e6dbdf5fd4e28357a6570a6a72bd45.jpg,2,대
C:\YANUS\lumos\train\images\KakaoTalk_20250918_153829628_18-1-_jpg.rf.f1df2d32e5b9f7bf1eb1d1ee8ac6ad37.jpg,train/images/KakaoTalk_20250918_153829628_18-1-_jpg.rf.f1df2d32e5b9f7bf1eb1d1ee8ac6ad37.jpg,2,대
C:\YANUS\lumos\train\images\KakaoTalk_20250918_153829628_19-1-_png.rf.f832bd18be3e1e414a161e73d757b74e.jpg,train/images/KakaoTalk_20250918_153829628_19-1-_png.rf.f832bd18be3e1e414a161e73d757b74e.jpg,1,중
C:\YANUS\lumos\train\images\KakaoTalk_20250918_153829628_21-1-_png.rf.be564ae76a75a66c23ad742c8d15297a.jpg,train/images/KakaoTalk_20250918_153829628_21-1-_png.rf.be564ae76a75a66c23ad742c8d15297a.jpg,1,중
C:\YANUS\lumos\train\images\KakaoTalk_20250918_153829628_22-1-_png.rf.ba3f6daee01218d26208b27868b87eee.jpg,train/images/KakaoTalk_20250918_153829628_22-1-_png.rf.ba3f6daee01218d26208b27868b87eee.jpg,2,대
C:\YANUS\lumos\train\images\KakaoTalk_20250918_153829628_23-1-_png.rf.e57e4d53d43b9dbcf0b0926a2c2ee7f7.jpg,train/images/KakaoTalk_20250918_153829628_23-1-_png.rf.e57e4d53d43b9dbcf0b0926a2c2ee7f7.jpg,2,대
C:\YANUS\lumos\train\images\KakaoTalk_20250918_153829628_25-1-_png.rf.a6dfdc372808a2dfaf5e2aec68882718.jpg,train/images/KakaoTalk_20250918_153829628_25-1-_png.rf.a6dfdc372808a2dfaf5e2aec68882718.jpg,2,대
C:\YANUS\lumos\train\images\KakaoTalk_20250918_153829628_27-1-_png.rf.c93ccad3a80dc1fd37a4fb5eecd1f740.jpg,train/images/KakaoTalk_20250918_153829628_27-1-_png.rf.c93ccad3a80dc1fd37a4fb5eecd1f740.jpg,2,대
C:\YANUS\lumos\train\images\KakaoTalk_20250918_153829628_29-1-_png.rf.f1d49c2a4befadac8a97a85dd689368c.jpg,train/images/KakaoTalk_20250918_153829628_29-1-_png.rf.f1d49c2a4befadac8a97a85dd689368c.jpg,2,대
C:\YANUS\lumos\train\images\kbank1_png.rf.4dd35e0c9196cdfc2799c682b448d8a5.jpg,train/images/kbank1_png.rf.4dd35e0c9196cdfc2799c682b448d8a5.jpg,2,대
C:\YANUS\lumos\train\images\kbank2_png.rf.d350701a537ba0ea6e5c1a75f9dac2cf.jpg,train/images/kbank2_png.rf.d350701a537ba0ea6e5c1a75f9dac2cf.jpg,0,소
C:\YANUS\lumos\train\images\kbank3_png.rf.0f5e2978cf0ce7b92053723d12a6c914.jpg,train/images/kbank3_png.rf.0f5e2978cf0ce7b92053723d12a6c914.jpg,2,대
C:\YANUS\lumos\train\images\kbank4_png.rf.574d442ed9408c08392926b95fbf7b5d.jpg,train/images/kbank4_png.rf.574d442ed9408c08392926b95fbf7b5d.jpg,0,소
C:\YANUS\lumos\train\images\kbank5_png.rf.60c05bb962dfc42e16e831eb709cd5c3.jpg,train/images/kbank5_png.rf.60c05bb962dfc42e16e831eb709cd5c3.jpg,1,중
C:\YANUS\lumos\train\images\kolon10_png.rf.01166fa63c6cec9e204d49f7022b3877.jpg,train/images/kolon10_png.rf.01166fa63c6cec9e204d49f7022b3877.jpg,2,대
C:\YANUS\lumos\train\images\kolon11_png.rf.f3b84c0625c93880a5cda0ec9c0bb169.jpg,train/images/kolon11_png.rf.f3b84c0625c93880a5cda0ec9c0bb169.jpg,2,대
C:\YANUS\lumos\train\images\kolon12_png.rf.bdacc25466f7ef9140cfca3299cfeb61.jpg,train/images/kolon12_png.rf.bdacc25466f7ef9140cfca3299cfeb61.jpg,2,대
C:\YANUS\lumos\train\images\kolon14_png.rf.305edb29a7f10c26991c922d231f0480.jpg,train/images/kolon14_png.rf.305edb29a7f10c26991c922d231f0480.jpg,0,소
C:\YANUS\lumos\train\images\kolon15_png.rf.b491794d32c241216eb60fe7822ddce3.jpg,train/images/kolon15_png.rf.b491794d32c241216eb60fe7822ddce3.jpg,2,대
C:\YANUS\lumos\train\images\kolon16_png.rf.03fa24fc6bcaf0b4face5b054be072da.jpg,train/images/kolon16_png.rf.03fa24fc6bcaf0b4face5b054be072da.jpg,2,대
C:\YANUS\lumos\train\images\kolon17_png.rf.b1b54fb4457c5ae47a020326b2794de0.jpg,train/images/kolon17_png.rf.b1b54fb4457c5ae47a020326b2794de0.jpg,2,대
C:\YANUS\lumos\train\images\kolon18_png.rf.620b31d3e4423dea480ed1e6f662acec.jpg,train/images/kolon18_png.rf.620b31d3e4423dea480ed1e6f662acec.jpg,2,대
C:\YANUS\lumos\train\images\kolon20_png.rf.4480a69532dc9599c18dfd7830dce846.jpg,train/images/kolon20_png.rf.4480a69532dc9599c18dfd7830dce846.jpg,2,대
C:\YANUS\lumos\train\images\kolon21_png.rf.fef92bb03c2831c80dfc085900e57dfb.jpg,train/images/kolon21_png.rf.fef92bb03c2831c80dfc085900e57dfb.jpg,2,대
C:\YANUS\lumos\train\images\kolon24_png.rf.89aa76d39f4a534823425992dfa7119c.jpg,train/images/kolon24_png.rf.89aa76d39f4a534823425992dfa7119c.jpg,2,대
C:\YANUS\lumos\train\images\kolon27_png.rf.fc6837a9492128ec5d5316c4cdee041b.jpg,train/images/kolon27_png.rf.fc6837a9492128ec5d5316c4cdee041b.jpg,0,소
C:\YANUS\lumos\train\images\kolon28_png.rf.542ea039664aa190461b56aefce73246.jpg,train/images/kolon28_png.rf.542ea039664aa190461b56aefce73246.jpg,2,대
C:\YANUS\lumos\train\images\kolon29_png.rf.41ee617c73680ab0c1b4c78bc7709782.jpg,train/images/kolon29_png.rf.41ee617c73680ab0c1b4c78bc7709782.jpg,2,대
C:\YANUS\lumos\train\images\kolon2_png.rf.5623f76a1a8212742b94e54fb9aa6d29.jpg,train/images/kolon2_png.rf.5623f76a1a8212742b94e54fb9aa6d29.jpg,1,중
C:\YANUS\lumos\train\images\kolon31_png.rf.9fa939ef64dc898af5a0ab87bc7c10d5.jpg,train/images/kolon31_png.rf.9fa939ef64dc898af5a0ab87bc7c10d5.jpg,2,대
C:\YANUS\lumos\train\images\kolon32_png.rf.187b17aa798a2123c310dbb044ba15ea.jpg,train/images/kolon32_png.rf.187b17aa798a2123c310dbb044ba15ea.jpg,2,대
C:\YANUS\lumos\train\images\kolon34_png.rf.41cfce80836510227c575790f86c4e3f.jpg,train/images/kolon34_png.rf.41cfce80836510227c575790f86c4e3f.jpg,2,대
C:\YANUS\lumos\train\images\kolon3_png.rf.0e13c5e92fdccee293fef07051ef9189.jpg,train/images/kolon3_png.rf.0e13c5e92fdccee293fef07051ef9189.jpg,2,대
C:\YANUS\lumos\train\images\kolon4_png.rf.3855b80e5ae692e280816833c1db155a.jpg,train/images/kolon4_png.rf.3855b80e5ae692e280816833c1db155a.jpg,2,대
C:\YANUS\lumos\train\images\kolon6_png.rf.67d442dcd261885e0e7b029f2189c0df.jpg,train/images/kolon6_png.rf.67d442dcd261885e0e7b029f2189c0df.jpg,2,대
C:\YANUS\lumos\train\images\kolon7_png.rf.0e278ddf0e1e28f723d706ac1cfb1152.jpg,train/images/kolon7_png.rf.0e278ddf0e1e28f723d706ac1cfb1152.jpg,2,대
C:\YANUS\lumos\train\images\kolon8_png.rf.604fc6a1110c7987566ce5ecbd8f4fed.jpg,train/images/kolon8_png.rf.604fc6a1110c7987566ce5ecbd8f4fed.jpg,2,대
C:\YANUS\lumos\train\images\kolon9_png.rf.4a911ed4d68de5c9515e93f22d24ff6f.jpg,train/images/kolon9_png.rf.4a911ed4d68de5c9515e93f22d24ff6f.jpg,2,대
C:\YANUS\lumos\train\images\kolong5_png.rf.fd6a61a90430bb7c55f219a71728f1c0.jpg,train/images/kolong5_png.rf.fd6a61a90430bb7c55f219a71728f1c0.jpg,2,대
C:\YANUS\lumos\train\images\kream10_png.rf.c49582fb76e39728a88a1cfca868a00d.jpg,train/images/kream10_png.rf.c49582fb76e39728a88a1cfca868a00d.jpg,2,대
C:\YANUS\lumos\train\images\kream11_png.rf.980b0220507b992b36ed8f61ac311312.jpg,train/images/kream11_png.rf.980b0220507b992b36ed8f61ac311312.jpg,2,대
C:\YANUS\lumos\train\images\kream12_png.rf.f8169cb0b116e7b37cb1dcbf40e6a590.jpg,train/images/kream12_png.rf.f8169cb0b116e7b37cb1dcbf40e6a590.jpg,2,대
C:\YANUS\lumos\train\images\kream14_png.rf.7983c4f4a9f8d9dacf945550192d5b81.jpg,train/images/kream14_png.rf.7983c4f4a9f8d9dacf945550192d5b81.jpg,2,대
C:\YANUS\lumos\train\images\kream15_png.rf.8c01a3f522baf679a81eecbaf2b4e32e.jpg,train/images/kream15_png.rf.8c01a3f522baf679a81eecbaf2b4e32e.jpg,2,대
C:\YANUS\lumos\train\images\kream16_png.rf.13f5fb35d699caff55936f3b5e9a01e2.jpg,train/images/kream16_png.rf.13f5fb35d699caff55936f3b5e9a01e2.jpg,2,대
C:\YANUS\lumos\train\images\kream19_png.rf.7f52f1434cf3668b182d034c8c51b8d8.jpg,train/images/kream19_png.rf.7f52f1434cf3668b182d034c8c51b8d8.jpg,2,대
C:\YANUS\lumos\train\images\kream1_png.rf.29f85847943400a0d7a4539a170644c1.jpg,train/images/kream1_png.rf.29f85847943400a0d7a4539a170644c1.jpg,2,대
C:\YANUS\lumos\train\images\kream20_png.rf.4eee92ba05de11943d7249a388e35412.jpg,train/images/kream20_png.rf.4eee92ba05de11943d7249a388e35412.jpg,2,대
C:\YANUS\lumos\train\images\kream22_png.rf.cca75eeda5c1a2c9a847b33c0be43100.jpg,train/images/kream22_png.rf.cca75eeda5c1a2c9a847b33c0be43100.jpg,2,대
C:\YANUS\lumos\train\images\kream23_png.rf.8878b5734ea97d1fde7268f957a8bd69.jpg,train/images/kream23_png.rf.8878b5734ea97d1fde7268f957a8bd69.jpg,2,대
C:\YANUS\lumos\train\images\kream24_png.rf.3977ec2e7768da3cfbf2f711bec8b075.jpg,train/images/kream24_png.rf.3977ec2e7768da3cfbf2f711bec8b075.jpg,2,대
C:\YANUS\lumos\train\images\kream25_png.rf.ce96fdf275f59c30d10231f6aa30263a.jpg,train/images/kream25_png.rf.ce96fdf275f59c30d10231f6aa30263a.jpg,2,대
C:\YANUS\lumos\train\images\kream26_png.rf.89ec7cac0372e7a2e0c376b1fca72458.jpg,train/images/kream26_png.rf.89ec7cac0372e7a2e0c376b1fca72458.jpg,2,대
C:\YANUS\lumos\train\images\kream27_png.rf.a618d6ecdc1c19f8495633b4ac8da6d0.jpg,train/images/kream27_png.rf.a618d6ecdc1c19f8495633b4ac8da6d0.jpg,2,대
C:\YANUS\lumos\train\images\kream28_png.rf.06a65693a73d48976eb12275e274d6e8.jpg,train/images/kream28_png.rf.06a65693a73d48976eb12275e274d6e8.jpg,2,대
C:\YANUS\lumos\train\images\kream29_png.rf.fbe476f55e38f743c8075db488fa9b36.jpg,train/images/kream29_png.rf.fbe476f55e38f743c8075db488fa9b36.jpg,2,대
C:\YANUS\lumos\train\images\kream2_png.rf.1faf45bf31f681d509a50ee2e8e3ef9f.jpg,train/images/kream2_png.rf.1faf45bf31f681d509a50ee2e8e3ef9f.jpg,2,대
C:\YANUS\lumos\train\images\kream31_png.rf.bf49419402723ddcd118b9d4c6244a12.jpg,train/images/kream31_png.rf.bf49419402723ddcd118b9d4c6244a12.jpg,2,대
C:\YANUS\lumos\train\images\kream32_png.rf.2b950e1043eea37a3153eae85a5e52b4.jpg,train/images/kream32_png.rf.2b950e1043eea37a3153eae85a5e52b4.jpg,2,대
C:\YANUS\lumos\train\images\kream33_png.rf.41cf73c250fe9b792634d3236f9f9779.jpg,train/images/kream33_png.rf.41cf73c250fe9b792634d3236f9f9779.jpg,2,대
C:\YANUS\lumos\train\images\kream34_png.rf.e591b063ac88d11ccd3e86c5c3a97b4b.jpg,train/images/kream34_png.rf.e591b063ac88d11ccd3e86c5c3a97b4b.jpg,0,소
C:\YANUS\lumos\train\images\kream36_png.rf.f97ecdc16d84e2ed3432795facd4165d.jpg,train/images/kream36_png.rf.f97ecdc16d84e2ed3432795facd4165d.jpg,2,대
C:\YANUS\lumos\train\images\kream37_png.rf.b9edb11eed2abab2ddcba6d5cb8f82b8.jpg,train/images/kream37_png.rf.b9edb11eed2abab2ddcba6d5cb8f82b8.jpg,2,대
C:\YANUS\lumos\train\images\kream38_png.rf.acf3f2cb5cc3b9e27669808d43cd5b8a.jpg,train/images/kream38_png.rf.acf3f2cb5cc3b9e27669808d43cd5b8a.jpg,2,대
C:\YANUS\lumos\train\images\kream39_png.rf.eaf08d4e7593f175d0020bf9ca49ae65.jpg,train/images/kream39_png.rf.eaf08d4e7593f175d0020bf9ca49ae65.jpg,2,대
C:\YANUS\lumos\train\images\kream3_png.rf.158c498002735bb85e560da94d400f83.jpg,train/images/kream3_png.rf.158c498002735bb85e560da94d400f83.jpg,2,대
C:\YANUS\lumos\train\images\kream41_png.rf.e0467dc49b56e7aed293d1d69eab174f.jpg,train/images/kream41_png.rf.e0467dc49b56e7aed293d1d69eab174f.jpg,2,대
C:\YANUS\lumos\train\images\kream42_png.rf.42e2e23d4058e2c830755b94305c5a50.jpg,train/images/kream42_png.rf.42e2e23d4058e2c830755b94305c5a50.jpg,2,대
C:\YANUS\lumos\train\images\kream43_png.rf.4ac429b00ab8f25158df191318763853.jpg,train/images/kream43_png.rf.4ac429b00ab8f25158df191318763853.jpg,2,대
C:\YANUS\lumos\train\images\kream44_png.rf.e9e450220a0977e5fe92ddc4535fdb0b.jpg,train/images/kream44_png.rf.e9e450220a0977e5fe92ddc4535fdb0b.jpg,1,중
C:\YANUS\lumos\train\images\kream45_png.rf.04068b18dd184b5f001bf01ddc33c688.jpg,train/images/kream45_png.rf.04068b18dd184b5f001bf01ddc33c688.jpg,2,대
C:\YANUS\lumos\train\images\kream46_png.rf.024fbab469c149c8a8ef00c995ee4356.jpg,train/images/kream46_png.rf.024fbab469c149c8a8ef00c995ee4356.jpg,2,대
C:\YANUS\lumos\train\images\kream47_png.rf.bff7720861185f7851be0acaf58f9418.jpg,train/images/kream47_png.rf.bff7720861185f7851be0acaf58f9418.jpg,2,대
C:\YANUS\lumos\train\images\kream4_png.rf.ca6899b8f5b0b76cd45ba6964b7ae835.jpg,train/images/kream4_png.rf.ca6899b8f5b0b76cd45ba6964b7ae835.jpg,2,대
C:\YANUS\lumos\train\images\kream5_png.rf.37864fac29fb37b4431eb9090784b7ca.jpg,train/images/kream5_png.rf.37864fac29fb37b4431eb9090784b7ca.jpg,2,대
C:\YANUS\lumos\train\images\kream6_png.rf.6ccafbb9e515a78b0f7bc50782debe08.jpg,train/images/kream6_png.rf.6ccafbb9e515a78b0f7bc50782debe08.jpg,2,대
C:\YANUS\lumos\train\images\kream7_png.rf.ba0ce0f1c28c78ed2e1a7510ca63510c.jpg,train/images/kream7_png.rf.ba0ce0f1c28c78ed2e1a7510ca63510c.jpg,2,대
C:\YANUS\lumos\train\images\kream8_png.rf.6b743fc22f53de8e3972fee5ce450ed9.jpg,train/images/kream8_png.rf.6b743fc22f53de8e3972fee5ce450ed9.jpg,2,대
C:\YANUS\lumos\train\images\kream9_png.rf.0531b1f0a13f1eba484890ea8ca6c36d.jpg,train/images/kream9_png.rf.0531b1f0a13f1eba484890ea8ca6c36d.jpg,2,대
C:\YANUS\lumos\train\images\kt12_png.rf.413869101e393e7461e3dc9acdafc9cc.jpg,train/images/kt12_png.rf.413869101e393e7461e3dc9acdafc9cc.jpg,1,중
C:\YANUS\lumos\train\images\kt13_png.rf.e17f8c61d3d2c7bc0aa502588a1948d6.jpg,train/images/kt13_png.rf.e17f8c61d3d2c7bc0aa502588a1948d6.jpg,2,대
C:\YANUS\lumos\train\images\kt16_png.rf.ecdd034cfa6bc3e3ec22e5a38276c341.jpg,train/images/kt16_png.rf.ecdd034cfa6bc3e3ec22e5a38276c341.jpg,0,소
C:\YANUS\lumos\train\images\kt17_png.rf.fee655eb8b424baf9f512013a4e4a080.jpg,train/images/kt17_png.rf.fee655eb8b424baf9f512013a4e4a080.jpg,0,소
C:\YANUS\lumos\train\images\kt1_png.rf.e19b8b5ae0ed486ae351ea9013f0f1ae.jpg,train/images/kt1_png.rf.e19b8b5ae0ed486ae351ea9013f0f1ae.jpg,0,소
C:\YANUS\lumos\train\images\kt2_png.rf.d432d7a6e87a07a6720263505774fce6.jpg,train/images/kt2_png.rf.d432d7a6e87a07a6720263505774fce6.jpg,2,대
C:\YANUS\lumos\train\images\kt3_png.rf.8543eb8c1de8e13d23ca7a027533078b.jpg,train/images/kt3_png.rf.8543eb8c1de8e13d23ca7a027533078b.jpg,1,중
C:\YANUS\lumos\train\images\kt4_png.rf.04ba76654f0e80e3d3de5a7139b33a1f.jpg,train/images/kt4_png.rf.04ba76654f0e80e3d3de5a7139b33a1f.jpg,0,소
C:\YANUS\lumos\train\images\kt5_png.rf.318af3d497807daba62c8e4287ead992.jpg,train/images/kt5_png.rf.318af3d497807daba62c8e4287ead992.jpg,2,대
C:\YANUS\lumos\train\images\kt6_png.rf.5c91df3455307df0745d0f8f2de6ed6b.jpg,train/images/kt6_png.rf.5c91df3455307df0745d0f8f2de6ed6b.jpg,2,대
C:\YANUS\lumos\train\images\kt7_png.rf.5d7a642d35d421f6838fc15c131457ec.jpg,train/images/kt7_png.rf.5d7a642d35d421f6838fc15c131457ec.jpg,0,소
C:\YANUS\lumos\train\images\kt8_png.rf.8c601774c36947d323612246ccb6d107.jpg,train/images/kt8_png.rf.8c601774c36947d323612246ccb6d107.jpg,0,소
C:\YANUS\lumos\train\images\KT_-_png.rf.1af229df76161eb9509853f01e7fec69.jpg,train/images/KT_-_png.rf.1af229df76161eb9509853f01e7fec69.jpg,1,중
C:\YANUS\lumos\train\images\KT_-_png.rf.528b0e8cf27ae240fcc17cb364a7cf4e.jpg,train/images/KT_-_png.rf.528b0e8cf27ae240fcc17cb364a7cf4e.jpg,2,대
C:\YANUS\lumos\train\images\KT_-_png.rf.a3a36ebb4a1bfa683af1951b617b49ee.jpg,train/images/KT_-_png.rf.a3a36ebb4a1bfa683af1951b617b49ee.jpg,2,대
C:\YANUS\lumos\train\images\KT_-_png.rf.bde56a3358ee8dd7ba4b5919367ac691.jpg,train/images/KT_-_png.rf.bde56a3358ee8dd7ba4b5919367ac691.jpg,2,대
C:\YANUS\lumos\train\images\KT_-_png.rf.d5283b1533b88b3975bd1ec443c9961a.jpg,train/images/KT_-_png.rf.d5283b1533b88b3975bd1ec443c9961a.jpg,1,중
C:\YANUS\lumos\train\images\ktal14_png.rf.a67a84443424b4bf3a84fe56d68ff6d8.jpg,train/images/ktal14_png.rf.a67a84443424b4bf3a84fe56d68ff6d8.jpg,2,대
C:\YANUS\lumos\train\images\ktal15_png.rf.7568dd14c21accbc971c59f5dc41891a.jpg,train/images/ktal15_png.rf.7568dd14c21accbc971c59f5dc41891a.jpg,0,소
C:\YANUS\lumos\train\images\ktal17_png.rf.5ff6c7879bb7ee2b0ece49bcb0316424.jpg,train/images/ktal17_png.rf.5ff6c7879bb7ee2b0ece49bcb0316424.jpg,2,대
C:\YANUS\lumos\train\images\ktal18_png.rf.1ac62876ce1404b05574e7f318092c0c.jpg,train/images/ktal18_png.rf.1ac62876ce1404b05574e7f318092c0c.jpg,0,소
C:\YANUS\lumos\train\images\ktal19_png.rf.6c8d02d0721b2a669c12e931676ec10d.jpg,train/images/ktal19_png.rf.6c8d02d0721b2a669c12e931676ec10d.jpg,2,대
C:\YANUS\lumos\train\images\ktal1_png.rf.cd153c03d540e29d1bd66efd4bcdda09.jpg,train/images/ktal1_png.rf.cd153c03d540e29d1bd66efd4bcdda09.jpg,2,대
C:\YANUS\lumos\train\images\ktal20_png.rf.aaabadef37afcef71ab60a6701b6467f.jpg,train/images/ktal20_png.rf.aaabadef37afcef71ab60a6701b6467f.jpg,2,대
C:\YANUS\lumos\train\images\ktal21_png.rf.abb6898da6616b4349256037276e96cc.jpg,train/images/ktal21_png.rf.abb6898da6616b4349256037276e96cc.jpg,2,대
C:\YANUS\lumos\train\images\ktal22_png.rf.843f1d4f28c21b178457bbc80e1ef488.jpg,train/images/ktal22_png.rf.843f1d4f28c21b178457bbc80e1ef488.jpg,2,대
C:\YANUS\lumos\train\images\ktal23_png.rf.2d863259371414bb46e101fd458629ef.jpg,train/images/ktal23_png.rf.2d863259371414bb46e101fd458629ef.jpg,0,소
C:\YANUS\lumos\train\images\ktal24_png.rf.85120320c552d97681084760bc2a4e5e.jpg,train/images/ktal24_png.rf.85120320c552d97681084760bc2a4e5e.jpg,0,소
C:\YANUS\lumos\train\images\ktal25_png.rf.5140fce122d497e06d0245835c844a42.jpg,train/images/ktal25_png.rf.5140fce122d497e06d0245835c844a42.jpg,0,소
C:\YANUS\lumos\train\images\ktal26_png.rf.505c8f7bf1b8fa9ad5a206b6b073312d.jpg,train/images/ktal26_png.rf.505c8f7bf1b8fa9ad5a206b6b073312d.jpg,2,대
C:\YANUS\lumos\train\images\ktal28_png.rf.d1986b659f459194b3b4f01f4079c831.jpg,train/images/ktal28_png.rf.d1986b659f459194b3b4f01f4079c831.jpg,2,대
C:\YANUS\lumos\train\images\ktal29_png.rf.b6012e7280b6129b9ee887f628dfa695.jpg,train/images/ktal29_png.rf.b6012e7280b6129b9ee887f628dfa695.jpg,0,소
C:\YANUS\lumos\train\images\ktal2_png.rf.802cfd3d263f4d6531874e9ec9f9f649.jpg,train/images/ktal2_png.rf.802cfd3d263f4d6531874e9ec9f9f649.jpg,2,대
C:\YANUS\lumos\train\images\ktal30_png.rf.e06cc9f4dc6621004d59dd337d4c5a29.jpg,train/images/ktal30_png.rf.e06cc9f4dc6621004d59dd337d4c5a29.jpg,1,중
C:\YANUS\lumos\train\images\ktal31_png.rf.ca6ff7041c4e4683533d2bfc66020ae2.jpg,train/images/ktal31_png.rf.ca6ff7041c4e4683533d2bfc66020ae2.jpg,2,대
C:\YANUS\lumos\train\images\ktal32_png.rf.114cb69f3ddc05fad73a9a9c970b3935.jpg,train/images/ktal32_png.rf.114cb69f3ddc05fad73a9a9c970b3935.jpg,2,대
C:\YANUS\lumos\train\images\ktal3_png.rf.47dfa64d9c2aed018dd66301f2fbaa5c.jpg,train/images/ktal3_png.rf.47dfa64d9c2aed018dd66301f2fbaa5c.jpg,2,대
C:\YANUS\lumos\train\images\ktal4_png.rf.0b7f19927bb61d02a835775186320bbf.jpg,train/images/ktal4_png.rf.0b7f19927bb61d02a835775186320bbf.jpg,2,대
C:\YANUS\lumos\train\images\ktal5_png.rf.4d800bec346259996e5f359fa6622a10.jpg,train/images/ktal5_png.rf.4d800bec346259996e5f359fa6622a10.jpg,2,대
C:\YANUS\lumos\train\images\ktal6_png.rf.cb5ad6a9bba94e61dd1354d776d7e39f.jpg,train/images/ktal6_png.rf.cb5ad6a9bba94e61dd1354d776d7e39f.jpg,2,대
C:\YANUS\lumos\train\images\ktal7_png.rf.f49fae362ceed4d0892646a7d7d8d345.jpg,train/images/ktal7_png.rf.f49fae362ceed4d0892646a7d7d8d345.jpg,2,대
C:\YANUS\lumos\train\images\ktal8_png.rf.893ec9a6e11c95c0c1f45180144f50c6.jpg,train/images/ktal8_png.rf.893ec9a6e11c95c0c1f45180144f50c6.jpg,2,대
C:\YANUS\lumos\train\images\ktal9_png.rf.52b5fea3cec7f4c25295ea871879fe7a.jpg,train/images/ktal9_png.rf.52b5fea3cec7f4c25295ea871879fe7a.jpg,2,대
C:\YANUS\lumos\train\images\ktap1_png.rf.ec99cec5871d5e5a7730d69f76d8c66a.jpg,train/images/ktap1_png.rf.ec99cec5871d5e5a7730d69f76d8c66a.jpg,2,대
C:\YANUS\lumos\train\images\ktng1_png.rf.97bfc6aa5cd39b7a6810d786781dfc05.jpg,train/images/ktng1_png.rf.97bfc6aa5cd39b7a6810d786781dfc05.jpg,2,대
C:\YANUS\lumos\train\images\MSN1_png.rf.4137867010daa5d17c4152713aee1c2d.jpg,train/images/MSN1_png.rf.4137867010daa5d17c4152713aee1c2d.jpg,2,대
C:\YANUS\lumos\train\images\naver100_png.rf.29b05cf1956c9d7f63bad7b62f8dd096.jpg,train/images/naver100_png.rf.29b05cf1956c9d7f63bad7b62f8dd096.jpg,0,소
C:\YANUS\lumos\train\images\naver101_png.rf.f52b248129328acdb53de0438e2cda26.jpg,train/images/naver101_png.rf.f52b248129328acdb53de0438e2cda26.jpg,0,소
C:\YANUS\lumos\train\images\naver102_png.rf.ab8613baaf88fa8778044480c5fa2084.jpg,train/images/naver102_png.rf.ab8613baaf88fa8778044480c5fa2084.jpg,2,대
C:\YANUS\lumos\train\images\naver105_png.rf.cf8c4cf0fad190408a59d16e34b5ee81.jpg,train/images/naver105_png.rf.cf8c4cf0fad190408a59d16e34b5ee81.jpg,0,소
C:\YANUS\lumos\train\images\naver106_png.rf.8544184a7198ef8ee00f20ec6772ac18.jpg,train/images/naver106_png.rf.8544184a7198ef8ee00f20ec6772ac18.jpg,2,대
C:\YANUS\lumos\train\images\naver10_png.rf.fcdbb63a475bdfe5d77b7aa2f3fefa98.jpg,train/images/naver10_png.rf.fcdbb63a475bdfe5d77b7aa2f3fefa98.jpg,2,대
C:\YANUS\lumos\train\images\naver11_png.rf.fa5fa6a26c3d2115c7be49f6ffab2f36.jpg,train/images/naver11_png.rf.fa5fa6a26c3d2115c7be49f6ffab2f36.jpg,2,대
C:\YANUS\lumos\train\images\naver12_png.rf.481382d0d9b052639621a486d5dd7a7c.jpg,train/images/naver12_png.rf.481382d0d9b052639621a486d5dd7a7c.jpg,2,대
C:\YANUS\lumos\train\images\naver13_png.rf.bd900a0c91f104288200446b3fcac9ba.jpg,train/images/naver13_png.rf.bd900a0c91f104288200446b3fcac9ba.jpg,2,대
C:\YANUS\lumos\train\images\naver14_png.rf.e50497ac7e71eeca693582c83d6d79a0.jpg,train/images/naver14_png.rf.e50497ac7e71eeca693582c83d6d79a0.jpg,2,대
C:\YANUS\lumos\train\images\naver18_png.rf.5ffdddeba6e12b89dd64956708e8fe1a.jpg,train/images/naver18_png.rf.5ffdddeba6e12b89dd64956708e8fe1a.jpg,2,대
C:\YANUS\lumos\train\images\naver19_png.rf.b8bec98c78525ae5d9120e7e25490a67.jpg,train/images/naver19_png.rf.b8bec98c78525ae5d9120e7e25490a67.jpg,2,대
C:\YANUS\lumos\train\images\naver20_png.rf.3b2f6e70b4d06eed40c0a1de5b5891b9.jpg,train/images/naver20_png.rf.3b2f6e70b4d06eed40c0a1de5b5891b9.jpg,2,대
C:\YANUS\lumos\train\images\naver21_png.rf.68682bde30e4b6a2b78a0340c1ff430f.jpg,train/images/naver21_png.rf.68682bde30e4b6a2b78a0340c1ff430f.jpg,2,대
C:\YANUS\lumos\train\images\naver23_png.rf.da220177d13c2aac451c2ff0436fdb92.jpg,train/images/naver23_png.rf.da220177d13c2aac451c2ff0436fdb92.jpg,2,대
C:\YANUS\lumos\train\images\naver24_png.rf.8eb59b6815243edb2e2d8722966ae4e1.jpg,train/images/naver24_png.rf.8eb59b6815243edb2e2d8722966ae4e1.jpg,2,대
C:\YANUS\lumos\train\images\naver25_png.rf.4250e0956a3ecd6f3fc4478abdb89741.jpg,train/images/naver25_png.rf.4250e0956a3ecd6f3fc4478abdb89741.jpg,2,대
C:\YANUS\lumos\train\images\naver27_png.rf.377adfbba3d3a99cbc8cfb76559cb0ee.jpg,train/images/naver27_png.rf.377adfbba3d3a99cbc8cfb76559cb0ee.jpg,0,소
C:\YANUS\lumos\train\images\naver28_png.rf.36a79e65c7ff53f7adae78cb0d9c09ee.jpg,train/images/naver28_png.rf.36a79e65c7ff53f7adae78cb0d9c09ee.jpg,0,소
C:\YANUS\lumos\train\images\naver29_png.rf.70b6ae7fdecada1487449bf05e7fb058.jpg,train/images/naver29_png.rf.70b6ae7fdecada1487449bf05e7fb058.jpg,0,소
C:\YANUS\lumos\train\images\naver30_png.rf.7f2c814c6f8d0a73ffc1ac49bb83e3a8.jpg,train/images/naver30_png.rf.7f2c814c6f8d0a73ffc1ac49bb83e3a8.jpg,2,대
C:\YANUS\lumos\train\images\naver31_png.rf.72428d47b5d4f036f5afcdb245e8c43c.jpg,train/images/naver31_png.rf.72428d47b5d4f036f5afcdb245e8c43c.jpg,2,대
C:\YANUS\lumos\train\images\naver33_png.rf.fd16f4f93bbc4040580047e2563fc20e.jpg,train/images/naver33_png.rf.fd16f4f93bbc4040580047e2563fc20e.jpg,2,대
C:\YANUS\lumos\train\images\naver34_png.rf.64762f29984c24c993574a1ce994faa1.jpg,train/images/naver34_png.rf.64762f29984c24c993574a1ce994faa1.jpg,0,소
C:\YANUS\lumos\train\images\naver35_png.rf.04ee54a3f2ff326c1c7e1cca7dc02312.jpg,train/images/naver35_png.rf.04ee54a3f2ff326c1c7e1cca7dc02312.jpg,0,소
C:\YANUS\lumos\train\images\naver3_png.rf.b9525f07782e99136db786d753dec0c2.jpg,train/images/naver3_png.rf.b9525f07782e99136db786d753dec0c2.jpg,2,대
C:\YANUS\lumos\train\images\naver44_png.rf.3698ad5c3a7c4dfb26b7bc112a436bb1.jpg,train/images/naver44_png.rf.3698ad5c3a7c4dfb26b7bc112a436bb1.jpg,2,대
C:\YANUS\lumos\train\images\naver45_png.rf.b0e0b830b45d2d8c97b693d2f5280a4c.jpg,train/images/naver45_png.rf.b0e0b830b45d2d8c97b693d2f5280a4c.jpg,2,대
C:\YANUS\lumos\train\images\naver48_png.rf.f11d62709058426ca966009e2df33a3c.jpg,train/images/naver48_png.rf.f11d62709058426ca966009e2df33a3c.jpg,2,대
C:\YANUS\lumos\train\images\naver49_png.rf.90750bbb45986ee5dd727e1b09ba9de6.jpg,train/images/naver49_png.rf.90750bbb45986ee5dd727e1b09ba9de6.jpg,2,대
C:\YANUS\lumos\train\images\naver4_png.rf.fb4ebaf5c10008f4673f2d304d417702.jpg,train/images/naver4_png.rf.fb4ebaf5c10008f4673f2d304d417702.jpg,2,대
C:\YANUS\lumos\train\images\naver50_png.rf.a3f1c7c6312695454c2f2c487d28652f.jpg,train/images/naver50_png.rf.a3f1c7c6312695454c2f2c487d28652f.jpg,2,대
C:\YANUS\lumos\train\images\naver51_png.rf.c2f543ac7f7dcb8f41265c524385e14e.jpg,train/images/naver51_png.rf.c2f543ac7f7dcb8f41265c524385e14e.jpg,2,대
C:\YANUS\lumos\train\images\naver52_png.rf.a56d51e2920fde2c961545925cadf39a.jpg,train/images/naver52_png.rf.a56d51e2920fde2c961545925cadf39a.jpg,2,대
C:\YANUS\lumos\train\images\naver55_png.rf.e1e9ce5ad7956f704b3a7c5a361808da.jpg,train/images/naver55_png.rf.e1e9ce5ad7956f704b3a7c5a361808da.jpg,2,대
C:\YANUS\lumos\train\images\naver57_png.rf.c0aaa6f67f78576f73120eb778bd7cd1.jpg,train/images/naver57_png.rf.c0aaa6f67f78576f73120eb778bd7cd1.jpg,1,중
C:\YANUS\lumos\train\images\naver59_png.rf.e7c98c6177a7efd2f6d42c27a5c8e7fc.jpg,train/images/naver59_png.rf.e7c98c6177a7efd2f6d42c27a5c8e7fc.jpg,2,대
C:\YANUS\lumos\train\images\naver5_png.rf.9c92403b12ff656b79f66d0793a0df60.jpg,train/images/naver5_png.rf.9c92403b12ff656b79f66d0793a0df60.jpg,2,대
C:\YANUS\lumos\train\images\naver60_png.rf.c0cfbb74d8efe82a1ba1fb8c8c17ba82.jpg,train/images/naver60_png.rf.c0cfbb74d8efe82a1ba1fb8c8c17ba82.jpg,2,대
C:\YANUS\lumos\train\images\naver61_png.rf.d0f86617179d8fe983db4975d56655ed.jpg,train/images/naver61_png.rf.d0f86617179d8fe983db4975d56655ed.jpg,2,대
C:\YANUS\lumos\train\images\naver62_png.rf.3312828a9fa434f550cb7fbb23d146d6.jpg,train/images/naver62_png.rf.3312828a9fa434f550cb7fbb23d146d6.jpg,2,대
C:\YANUS\lumos\train\images\naver66_png.rf.0374ad84b41ad3c8f6081c14098144d5.jpg,train/images/naver66_png.rf.0374ad84b41ad3c8f6081c14098144d5.jpg,1,중
C:\YANUS\lumos\train\images\naver68_png.rf.4d8ab03cc2d6c2950c6c23fe2ae797e7.jpg,train/images/naver68_png.rf.4d8ab03cc2d6c2950c6c23fe2ae797e7.jpg,0,소
C:\YANUS\lumos\train\images\naver69_png.rf.edea42fd1269057c9ffae38b294bfb18.jpg,train/images/naver69_png.rf.edea42fd1269057c9ffae38b294bfb18.jpg,2,대
C:\YANUS\lumos\train\images\naver6_png.rf.c7bf4c9258662140a827c97a8a6e2e9d.jpg,train/images/naver6_png.rf.c7bf4c9258662140a827c97a8a6e2e9d.jpg,2,대
C:\YANUS\lumos\train\images\naver70_png.rf.afae3723a57aaca071de22e554878972.jpg,train/images/naver70_png.rf.afae3723a57aaca071de22e554878972.jpg,0,소
C:\YANUS\lumos\train\images\naver71_png.rf.6501becb5b0bb2d333f162a926f65099.jpg,train/images/naver71_png.rf.6501becb5b0bb2d333f162a926f65099.jpg,0,소
C:\YANUS\lumos\train\images\naver72_png.rf.7307a0df2547752e9aff030c7daab592.jpg,train/images/naver72_png.rf.7307a0df2547752e9aff030c7daab592.jpg,0,소
C:\YANUS\lumos\train\images\naver75_png.rf.2be986f77f7e1654a515187d2857f025.jpg,train/images/naver75_png.rf.2be986f77f7e1654a515187d2857f025.jpg,1,중
C:\YANUS\lumos\train\images\naver77_png.rf.f4caf7f1c7f08c9cf5c67a0db354e8d2.jpg,train/images/naver77_png.rf.f4caf7f1c7f08c9cf5c67a0db354e8d2.jpg,2,대
C:\YANUS\lumos\train\images\naver78_png.rf.c868fce882214d2519fad674943642ff.jpg,train/images/naver78_png.rf.c868fce882214d2519fad674943642ff.jpg,2,대
C:\YANUS\lumos\train\images\naver79_png.rf.a245f79f416c9a2361daabde38b67342.jpg,train/images/naver79_png.rf.a245f79f416c9a2361daabde38b67342.jpg,0,소
C:\YANUS\lumos\train\images\naver7_png.rf.b43bc41a2a6268b228e9568fd2925634.jpg,train/images/naver7_png.rf.b43bc41a2a6268b228e9568fd2925634.jpg,2,대
C:\YANUS\lumos\train\images\naver80_png.rf.81094779813c72272f430bce391db9fa.jpg,train/images/naver80_png.rf.81094779813c72272f430bce391db9fa.jpg,0,소
C:\YANUS\lumos\train\images\naver82_png.rf.32e0b336d917dc6bb3a9161737809013.jpg,train/images/naver82_png.rf.32e0b336d917dc6bb3a9161737809013.jpg,0,소
C:\YANUS\lumos\train\images\naver83_png.rf.1bd0fd65be6141c8439b341ae398c450.jpg,train/images/naver83_png.rf.1bd0fd65be6141c8439b341ae398c450.jpg,0,소
C:\YANUS\lumos\train\images\naver84_png.rf.88ea506c6e33d7ede00aa07bfa355c60.jpg,train/images/naver84_png.rf.88ea506c6e33d7ede00aa07bfa355c60.jpg,0,소
C:\YANUS\lumos\train\images\naver85_png.rf.7446281511aa2af4b1c60ca9b0b21ead.jpg,train/images/naver85_png.rf.7446281511aa2af4b1c60ca9b0b21ead.jpg,0,소
C:\YANUS\lumos\train\images\naver87_png.rf.c34943f5d4304000e318692172087c2a.jpg,train/images/naver87_png.rf.c34943f5d4304000e318692172087c2a.jpg,0,소
C:\YANUS\lumos\train\images\naver88_png.rf.17358604b6f0d6a47faf8393407e174f.jpg,train/images/naver88_png.rf.17358604b6f0d6a47faf8393407e174f.jpg,0,소
C:\YANUS\lumos\train\images\naver89_png.rf.49acf0ac2f4badd9ae89f844ab9ae868.jpg,train/images/naver89_png.rf.49acf0ac2f4badd9ae89f844ab9ae868.jpg,2,대
C:\YANUS\lumos\train\images\naver8_png.rf.86b64373c369858076f4ff559650f9ed.jpg,train/images/naver8_png.rf.86b64373c369858076f4ff559650f9ed.jpg,2,대
C:\YANUS\lumos\train\images\naver90_png.rf.d21343a0d13bb983af6badb08f6523ae.jpg,train/images/naver90_png.rf.d21343a0d13bb983af6badb08f6523ae.jpg,1,중
C:\YANUS\lumos\train\images\naver93_png.rf.3371b86f13512c40727a64d80f418d27.jpg,train/images/naver93_png.rf.3371b86f13512c40727a64d80f418d27.jpg,2,대
C:\YANUS\lumos\train\images\naver94_png.rf.21425155bfc4d70394df6eabc78fdb3f.jpg,train/images/naver94_png.rf.21425155bfc4d70394df6eabc78fdb3f.jpg,2,대
C:\YANUS\lumos\train\images\naver95_png.rf.dac0bcdcb773f0031671a7d0e846238c.jpg,train/images/naver95_png.rf.dac0bcdcb773f0031671a7d0e846238c.jpg,2,대
C:\YANUS\lumos\train\images\naver99_png.rf.1d0db9d0d6d7071db58c2fa6e0b11f1c.jpg,train/images/naver99_png.rf.1d0db9d0d6d7071db58c2fa6e0b11f1c.jpg,2,대
C:\YANUS\lumos\train\images\naver9_png.rf.4d3d1c38b3432268543c3398d751c9b3.jpg,train/images/naver9_png.rf.4d3d1c38b3432268543c3398d751c9b3.jpg,2,대
C:\YANUS\lumos\train\images\NOL1_png.rf.e7172585e5e990176841c9842a0301d1.jpg,train/images/NOL1_png.rf.e7172585e5e990176841c9842a0301d1.jpg,1,중
C:\YANUS\lumos\train\images\NOL2_png.rf.55b504fee806bf9e2e31cdb46c5f1c6e.jpg,train/images/NOL2_png.rf.55b504fee806bf9e2e31cdb46c5f1c6e.jpg,0,소
C:\YANUS\lumos\train\images\NS-10_png.rf.d0c5178437b3234ccb90baf400e893a2.jpg,train/images/NS-10_png.rf.d0c5178437b3234ccb90baf400e893a2.jpg,2,대
C:\YANUS\lumos\train\images\NS-11_png.rf.2b287eaaf598b43d54b0655c65e7d2c0.jpg,train/images/NS-11_png.rf.2b287eaaf598b43d54b0655c65e7d2c0.jpg,2,대
C:\YANUS\lumos\train\images\NS-13_png.rf.398a376344e7fe04a4399bc8bececf0d.jpg,train/images/NS-13_png.rf.398a376344e7fe04a4399bc8bececf0d.jpg,2,대
C:\YANUS\lumos\train\images\NS-16_png.rf.877f72ab95e6472916dafb5e3e99925e.jpg,train/images/NS-16_png.rf.877f72ab95e6472916dafb5e3e99925e.jpg,2,대
C:\YANUS\lumos\train\images\NS-2_png.rf.273f491b579d62ea0397bb1f221e14b5.jpg,train/images/NS-2_png.rf.273f491b579d62ea0397bb1f221e14b5.jpg,2,대
C:\YANUS\lumos\train\images\NS-3_png.rf.afff84a7e3e29ba5ef385ddccb5eaaa6.jpg,train/images/NS-3_png.rf.afff84a7e3e29ba5ef385ddccb5eaaa6.jpg,2,대
C:\YANUS\lumos\train\images\NS-4_png.rf.7604bcf5cf79b1d834dfe7e611388813.jpg,train/images/NS-4_png.rf.7604bcf5cf79b1d834dfe7e611388813.jpg,0,소
C:\YANUS\lumos\train\images\NS-5_png.rf.fc5045d5b816a16e2ae18e3596037ab9.jpg,train/images/NS-5_png.rf.fc5045d5b816a16e2ae18e3596037ab9.jpg,2,대
C:\YANUS\lumos\train\images\NS-8_png.rf.1ee58c1ec174057abc775ecbc19466a7.jpg,train/images/NS-8_png.rf.1ee58c1ec174057abc775ecbc19466a7.jpg,2,대
C:\YANUS\lumos\train\images\NS-9_png.rf.989c15274905cf0845175af0e5edc52b.jpg,train/images/NS-9_png.rf.989c15274905cf0845175af0e5edc52b.jpg,2,대
C:\YANUS\lumos\train\images\NS-_png.rf.d295971ae2e3a93e248cc14f8e78f5df.jpg,train/images/NS-_png.rf.d295971ae2e3a93e248cc14f8e78f5df.jpg,2,대
C:\YANUS\lumos\train\images\qoo10_png.rf.9ce5876f59920c68bdf1e843ce44b00c.jpg,train/images/qoo10_png.rf.9ce5876f59920c68bdf1e843ce44b00c.jpg,2,대
C:\YANUS\lumos\train\images\qoo11_png.rf.88613a9ef4d3c3a2e8bbda2126baa828.jpg,train/images/qoo11_png.rf.88613a9ef4d3c3a2e8bbda2126baa828.jpg,2,대
C:\YANUS\lumos\train\images\qoo12_png.rf.235266c8e8395cf2523265914013ea1a.jpg,train/images/qoo12_png.rf.235266c8e8395cf2523265914013ea1a.jpg,2,대
C:\YANUS\lumos\train\images\qoo13_png.rf.f67f233c0c6758278b9fbcc7a14f6548.jpg,train/images/qoo13_png.rf.f67f233c0c6758278b9fbcc7a14f6548.jpg,2,대
C:\YANUS\lumos\train\images\qoo14_png.rf.a4730ffbcc7db135098159facc898743.jpg,train/images/qoo14_png.rf.a4730ffbcc7db135098159facc898743.jpg,2,대
C:\YANUS\lumos\train\images\qoo16_png.rf.c25eb413035c6cc1525c2f4acc533373.jpg,train/images/qoo16_png.rf.c25eb413035c6cc1525c2f4acc533373.jpg,2,대
C:\YANUS\lumos\train\images\qoo18_png.rf.8d2a8c097b3d0483eaddf4cfdd1e55ee.jpg,train/images/qoo18_png.rf.8d2a8c097b3d0483eaddf4cfdd1e55ee.jpg,2,대
C:\YANUS\lumos\train\images\qoo19_png.rf.51503084b636e97553c2aaab3c33eae8.jpg,train/images/qoo19_png.rf.51503084b636e97553c2aaab3c33eae8.jpg,2,대
C:\YANUS\lumos\train\images\qoo1_png.rf.ac091917da69c9f4afbbb657cc771374.jpg,train/images/qoo1_png.rf.ac091917da69c9f4afbbb657cc771374.jpg,2,대
C:\YANUS\lumos\train\images\qoo20_png.rf.ac9450accb5306815e2b9653ec3df262.jpg,train/images/qoo20_png.rf.ac9450accb5306815e2b9653ec3df262.jpg,2,대
C:\YANUS\lumos\train\images\qoo21_png.rf.34525c9a9971060d712acda0bfbbdb7f.jpg,train/images/qoo21_png.rf.34525c9a9971060d712acda0bfbbdb7f.jpg,2,대
C:\YANUS\lumos\train\images\qoo22_png.rf.b7c20a3d59fe39909df0b9a78ef57710.jpg,train/images/qoo22_png.rf.b7c20a3d59fe39909df0b9a78ef57710.jpg,2,대
C:\YANUS\lumos\train\images\qoo23_png.rf.0b4d2a3cd71e39823196df8e54ed8fe4.jpg,train/images/qoo23_png.rf.0b4d2a3cd71e39823196df8e54ed8fe4.jpg,2,대
C:\YANUS\lumos\train\images\qoo24_png.rf.72d77b7e4842f8d86fc5ce688e43b688.jpg,train/images/qoo24_png.rf.72d77b7e4842f8d86fc5ce688e43b688.jpg,2,대
C:\YANUS\lumos\train\images\qoo25_png.rf.a635e33cc225cedf10c6591a9ee90ad6.jpg,train/images/qoo25_png.rf.a635e33cc225cedf10c6591a9ee90ad6.jpg,2,대
C:\YANUS\lumos\train\images\qoo26_png.rf.55aa387130b535ea8c73cc5df16036f0.jpg,train/images/qoo26_png.rf.55aa387130b535ea8c73cc5df16036f0.jpg,2,대
C:\YANUS\lumos\train\images\qoo28_png.rf.812886ed962c9fc8025fbe0283a7f313.jpg,train/images/qoo28_png.rf.812886ed962c9fc8025fbe0283a7f313.jpg,2,대
C:\YANUS\lumos\train\images\qoo29_png.rf.feb5f3708d8c1d800c93bad4e90b250c.jpg,train/images/qoo29_png.rf.feb5f3708d8c1d800c93bad4e90b250c.jpg,2,대
C:\YANUS\lumos\train\images\qoo30_png.rf.c0c01944f237ac413b1865dfea5738db.jpg,train/images/qoo30_png.rf.c0c01944f237ac413b1865dfea5738db.jpg,2,대
C:\YANUS\lumos\train\images\qoo31_png.rf.1b60fde4f65a08c28485a33bc85cbd92.jpg,train/images/qoo31_png.rf.1b60fde4f65a08c28485a33bc85cbd92.jpg,2,대
C:\YANUS\lumos\train\images\qoo32_png.rf.60a17077a2687d6f59e477a27e8e3d43.jpg,train/images/qoo32_png.rf.60a17077a2687d6f59e477a27e8e3d43.jpg,2,대
C:\YANUS\lumos\train\images\qoo33_png.rf.40bcb4430008c9b9b7edc88e83fdeb57.jpg,train/images/qoo33_png.rf.40bcb4430008c9b9b7edc88e83fdeb57.jpg,2,대
C:\YANUS\lumos\train\images\qoo3_png.rf.210701ac84dc273a58e44118769f4758.jpg,train/images/qoo3_png.rf.210701ac84dc273a58e44118769f4758.jpg,2,대
C:\YANUS\lumos\train\images\qoo4_png.rf.9cb47e0c42881ee47531b7cf975509ed.jpg,train/images/qoo4_png.rf.9cb47e0c42881ee47531b7cf975509ed.jpg,2,대
C:\YANUS\lumos\train\images\qoo5_png.rf.c513a44c19203b34f4586363599100ed.jpg,train/images/qoo5_png.rf.c513a44c19203b34f4586363599100ed.jpg,2,대
C:\YANUS\lumos\train\images\qoo7_png.rf.0ed4ff55bbe96e0c7ea443a4c9a2ce64.jpg,train/images/qoo7_png.rf.0ed4ff55bbe96e0c7ea443a4c9a2ce64.jpg,2,대
C:\YANUS\lumos\train\images\qoo9_png.rf.2cbb40235a3c247c13a2194baec39736.jpg,train/images/qoo9_png.rf.2cbb40235a3c247c13a2194baec39736.jpg,2,대
C:\YANUS\lumos\train\images\shein11_png.rf.64715820dec860c2250d79589954b0de.jpg,train/images/shein11_png.rf.64715820dec860c2250d79589954b0de.jpg,0,소
C:\YANUS\lumos\train\images\shein12-1_png.rf.698482688ba521d17a1fbfb3dfbf17ac.jpg,train/images/shein12-1_png.rf.698482688ba521d17a1fbfb3dfbf17ac.jpg,0,소
C:\YANUS\lumos\train\images\shein12-4_png.rf.369f70eccd26f3b2fb09909060a86658.jpg,train/images/shein12-4_png.rf.369f70eccd26f3b2fb09909060a86658.jpg,0,소
C:\YANUS\lumos\train\images\shein12-5_png.rf.f3b3c91026267889593364f2a17bbe45.jpg,train/images/shein12-5_png.rf.f3b3c91026267889593364f2a17bbe45.jpg,0,소
C:\YANUS\lumos\train\images\shein12_png.rf.728a628ce6c0d5132a8bbaaec5dd024c.jpg,train/images/shein12_png.rf.728a628ce6c0d5132a8bbaaec5dd024c.jpg,1,중
C:\YANUS\lumos\train\images\shein13_png.rf.8097e045e3de5d836c2bceab22f94b91.jpg,train/images/shein13_png.rf.8097e045e3de5d836c2bceab22f94b91.jpg,2,대
C:\YANUS\lumos\train\images\shein14_png.rf.a7089d232c36421eb86b101895d18a7d.jpg,train/images/shein14_png.rf.a7089d232c36421eb86b101895d18a7d.jpg,2,대
C:\YANUS\lumos\train\images\shein15_png.rf.c525c7ec30b4b5dcd77145ecb93c489b.jpg,train/images/shein15_png.rf.c525c7ec30b4b5dcd77145ecb93c489b.jpg,1,중
C:\YANUS\lumos\train\images\shein16_png.rf.db7ea0d037d1732150a712cadae11ac0.jpg,train/images/shein16_png.rf.db7ea0d037d1732150a712cadae11ac0.jpg,1,중
C:\YANUS\lumos\train\images\shein17_png.rf.f7f38e43945d159eacd17a6e61556223.jpg,train/images/shein17_png.rf.f7f38e43945d159eacd17a6e61556223.jpg,2,대
C:\YANUS\lumos\train\images\shein19_png.rf.5156688f6036075649b4d5d8163682b5.jpg,train/images/shein19_png.rf.5156688f6036075649b4d5d8163682b5.jpg,2,대
C:\YANUS\lumos\train\images\shein1_png.rf.196c9adacd702d9b4fdedad7c37291bd.jpg,train/images/shein1_png.rf.196c9adacd702d9b4fdedad7c37291bd.jpg,0,소
C:\YANUS\lumos\train\images\shein20_png.rf.04c454d4ef9db35c96dfc93762956d7c.jpg,train/images/shein20_png.rf.04c454d4ef9db35c96dfc93762956d7c.jpg,2,대
C:\YANUS\lumos\train\images\shein21_png.rf.2530aa06eb85bedad56353ebe0f7d303.jpg,train/images/shein21_png.rf.2530aa06eb85bedad56353ebe0f7d303.jpg,2,대
C:\YANUS\lumos\train\images\shein22_png.rf.bd7c43c46a728e48205cd5e27dc3011f.jpg,train/images/shein22_png.rf.bd7c43c46a728e48205cd5e27dc3011f.jpg,2,대
C:\YANUS\lumos\train\images\shein23_png.rf.affd41d730c047216ba617adf670aa47.jpg,train/images/shein23_png.rf.affd41d730c047216ba617adf670aa47.jpg,2,대
C:\YANUS\lumos\train\images\shein24_png.rf.37fab3e4b9995b3b7d3be1c03358e5e5.jpg,train/images/shein24_png.rf.37fab3e4b9995b3b7d3be1c03358e5e5.jpg,2,대
C:\YANUS\lumos\train\images\shein25_png.rf.68a7a2ce3c03337f2e01d267ae6c89f0.jpg,train/images/shein25_png.rf.68a7a2ce3c03337f2e01d267ae6c89f0.jpg,2,대
C:\YANUS\lumos\train\images\shein2_png.rf.16b20452004a58dfbc405e457d8e2494.jpg,train/images/shein2_png.rf.16b20452004a58dfbc405e457d8e2494.jpg,2,대
C:\YANUS\lumos\train\images\shein3_png.rf.eddcf5a511957acc563338244aba30e7.jpg,train/images/shein3_png.rf.eddcf5a511957acc563338244aba30e7.jpg,2,대
C:\YANUS\lumos\train\images\shein4_png.rf.615570a3bef5e5a39b3efb9223da4a68.jpg,train/images/shein4_png.rf.615570a3bef5e5a39b3efb9223da4a68.jpg,2,대
C:\YANUS\lumos\train\images\shein5_png.rf.1d0e0ef932873f9ef337cc45229c6137.jpg,train/images/shein5_png.rf.1d0e0ef932873f9ef337cc45229c6137.jpg,2,대
C:\YANUS\lumos\train\images\shein6_png.rf.c516e2fc10c8e8d99f9df9ccbbe32a86.jpg,train/images/shein6_png.rf.c516e2fc10c8e8d99f9df9ccbbe32a86.jpg,2,대
C:\YANUS\lumos\train\images\shein8_png.rf.2fc7e720ac7e15271db0c0f988bda2b7.jpg,train/images/shein8_png.rf.2fc7e720ac7e15271db0c0f988bda2b7.jpg,2,대
C:\YANUS\lumos\train\images\shein9_png.rf.1a128a6cb8af6506ee8fc81adbd08578.jpg,train/images/shein9_png.rf.1a128a6cb8af6506ee8fc81adbd08578.jpg,2,대
C:\YANUS\lumos\train\images\SHILLA10_png.rf.a9caa5a4799b81ec57d5f6ff56c473c5.jpg,train/images/SHILLA10_png.rf.a9caa5a4799b81ec57d5f6ff56c473c5.jpg,0,소
C:\YANUS\lumos\train\images\SHILLA11_png.rf.055a601c6c9be3723a62be834b9bd5f3.jpg,train/images/SHILLA11_png.rf.055a601c6c9be3723a62be834b9bd5f3.jpg,0,소
C:\YANUS\lumos\train\images\SHILLA12_png.rf.02373d4c8d52b3f2f88d3cff94cdd816.jpg,train/images/SHILLA12_png.rf.02373d4c8d52b3f2f88d3cff94cdd816.jpg,2,대
C:\YANUS\lumos\train\images\SHILLA13_png.rf.d4696df649826d17370ba6f843011462.jpg,train/images/SHILLA13_png.rf.d4696df649826d17370ba6f843011462.jpg,2,대
C:\YANUS\lumos\train\images\SHILLA15_png.rf.2db4ae3977b43eb2f056cac13e29fd0e.jpg,train/images/SHILLA15_png.rf.2db4ae3977b43eb2f056cac13e29fd0e.jpg,2,대
C:\YANUS\lumos\train\images\SHILLA16_png.rf.be623d2710b41cfb0f3ab5f0178b8558.jpg,train/images/SHILLA16_png.rf.be623d2710b41cfb0f3ab5f0178b8558.jpg,2,대
C:\YANUS\lumos\train\images\SHILLA17_png.rf.8721772d52b5c8f99252a8a03bee4d72.jpg,train/images/SHILLA17_png.rf.8721772d52b5c8f99252a8a03bee4d72.jpg,2,대
C:\YANUS\lumos\train\images\SHILLA18_png.rf.e563145fed7fccaefc8f31f2c536d0c9.jpg,train/images/SHILLA18_png.rf.e563145fed7fccaefc8f31f2c536d0c9.jpg,2,대
C:\YANUS\lumos\train\images\SHILLA19_png.rf.6b9742463916870351f4d805e2119084.jpg,train/images/SHILLA19_png.rf.6b9742463916870351f4d805e2119084.jpg,2,대
C:\YANUS\lumos\train\images\SHILLA20_png.rf.b176caddeb93b0dc076603d80ae70fcb.jpg,train/images/SHILLA20_png.rf.b176caddeb93b0dc076603d80ae70fcb.jpg,2,대
C:\YANUS\lumos\train\images\SHILLA21_png.rf.0790423259dbf2e1682aaf731f543042.jpg,train/images/SHILLA21_png.rf.0790423259dbf2e1682aaf731f543042.jpg,2,대
C:\YANUS\lumos\train\images\SHILLA22_png.rf.29f3f11aac84f268b30b7599faca1119.jpg,train/images/SHILLA22_png.rf.29f3f11aac84f268b30b7599faca1119.jpg,2,대
C:\YANUS\lumos\train\images\SHILLA23_png.rf.2bd07eba0eff795b9a6797e21d4aecaf.jpg,train/images/SHILLA23_png.rf.2bd07eba0eff795b9a6797e21d4aecaf.jpg,2,대
C:\YANUS\lumos\train\images\SHILLA25_png.rf.178034ba56a619b99616326c804a5cd7.jpg,train/images/SHILLA25_png.rf.178034ba56a619b99616326c804a5cd7.jpg,2,대
C:\YANUS\lumos\train\images\SHILLA2_png.rf.08dc754400c17aa53b7c896befa945a8.jpg,train/images/SHILLA2_png.rf.08dc754400c17aa53b7c896befa945a8.jpg,0,소
C:\YANUS\lumos\train\images\SHILLA3_png.rf.ea6c969a236eabbf81efcb66036aa519.jpg,train/images/SHILLA3_png.rf.ea6c969a236eabbf81efcb66036aa519.jpg,2,대
C:\YANUS\lumos\train\images\SHILLA4_png.rf.a10ff92e47fb1a53b855a4ace72a4ff3.jpg,train/images/SHILLA4_png.rf.a10ff92e47fb1a53b855a4ace72a4ff3.jpg,0,소
C:\YANUS\lumos\train\images\SHILLA5_png.rf.df94bb333f4115ed4605f6e7da0c2611.jpg,train/images/SHILLA5_png.rf.df94bb333f4115ed4605f6e7da0c2611.jpg,2,대
C:\YANUS\lumos\train\images\SHILLA7_png.rf.0e463181bbf888882efd361b02ec5a53.jpg,train/images/SHILLA7_png.rf.0e463181bbf888882efd361b02ec5a53.jpg,0,소
C:\YANUS\lumos\train\images\SHILLA8_png.rf.705a6c359a19ece9836bf55eb48ad487.jpg,train/images/SHILLA8_png.rf.705a6c359a19ece9836bf55eb48ad487.jpg,2,대
C:\YANUS\lumos\train\images\SHILLA9_png.rf.8537b4e2468770fc84e7a4a02e66f8ab.jpg,train/images/SHILLA9_png.rf.8537b4e2468770fc84e7a4a02e66f8ab.jpg,2,대
C:\YANUS\lumos\train\images\SHINSEAGE2_png.rf.89c3ec3cfdf8dfc8adfccd0083643415.jpg,train/images/SHINSEAGE2_png.rf.89c3ec3cfdf8dfc8adfccd0083643415.jpg,2,대
C:\YANUS\lumos\train\images\SHINSEAGE3_png.rf.eab863304c88c19f8ed476b7da6fa1b0.jpg,train/images/SHINSEAGE3_png.rf.eab863304c88c19f8ed476b7da6fa1b0.jpg,2,대
C:\YANUS\lumos\train\images\SHINSEGAE2_png.rf.b7cf188f7937630a1bc0f3a4de1c393b.jpg,train/images/SHINSEGAE2_png.rf.b7cf188f7937630a1bc0f3a4de1c393b.jpg,2,대
C:\YANUS\lumos\train\images\SHINSEGAE3_png.rf.d821613cecb164580d7b8b5cb0a4714c.jpg,train/images/SHINSEGAE3_png.rf.d821613cecb164580d7b8b5cb0a4714c.jpg,2,대
C:\YANUS\lumos\train\images\SHINSEGAE4_png.rf.ef6c98a38027eff616aadbd01707eaeb.jpg,train/images/SHINSEGAE4_png.rf.ef6c98a38027eff616aadbd01707eaeb.jpg,2,대
C:\YANUS\lumos\train\images\skyscanner10_png.rf.5c4f53c4770f985dcc7014c1a1e20c20.jpg,train/images/skyscanner10_png.rf.5c4f53c4770f985dcc7014c1a1e20c20.jpg,1,중
C:\YANUS\lumos\train\images\skyscanner11_png.rf.14937adfc54e15f80b29193a242f4ae3.jpg,train/images/skyscanner11_png.rf.14937adfc54e15f80b29193a242f4ae3.jpg,1,중
C:\YANUS\lumos\train\images\skyscanner12_png.rf.3592f73b766e7daec148c225bf91305b.jpg,train/images/skyscanner12_png.rf.3592f73b766e7daec148c225bf91305b.jpg,1,중
C:\YANUS\lumos\train\images\skyscanner14_png.rf.7e58f08d13a84942beb2697a6df88d59.jpg,train/images/skyscanner14_png.rf.7e58f08d13a84942beb2697a6df88d59.jpg,1,중
C:\YANUS\lumos\train\images\skyscanner15_png.rf.3a8bbfa7fddc938a432b485998fdb47e.jpg,train/images/skyscanner15_png.rf.3a8bbfa7fddc938a432b485998fdb47e.jpg,1,중
C:\YANUS\lumos\train\images\skyscanner16_png.rf.77d49dede704fb6fd4176c289a4b6e23.jpg,train/images/skyscanner16_png.rf.77d49dede704fb6fd4176c289a4b6e23.jpg,1,중
C:\YANUS\lumos\train\images\skyscanner17_png.rf.73542d8711994894a79c515141759753.jpg,train/images/skyscanner17_png.rf.73542d8711994894a79c515141759753.jpg,1,중
C:\YANUS\lumos\train\images\skyscanner1_png.rf.460aa7e2f1735405dfc4958b497365b1.jpg,train/images/skyscanner1_png.rf.460aa7e2f1735405dfc4958b497365b1.jpg,2,대
C:\YANUS\lumos\train\images\skyscanner20_png.rf.c70a1f2669f0253ef24cb89a7d85ef8c.jpg,train/images/skyscanner20_png.rf.c70a1f2669f0253ef24cb89a7d85ef8c.jpg,1,중
C:\YANUS\lumos\train\images\skyscanner2_png.rf.0a2021be87573e813a88ce06ee87466a.jpg,train/images/skyscanner2_png.rf.0a2021be87573e813a88ce06ee87466a.jpg,2,대
C:\YANUS\lumos\train\images\skyscanner4_png.rf.d9341beb306a4d256be2a5c432add5b9.jpg,train/images/skyscanner4_png.rf.d9341beb306a4d256be2a5c432add5b9.jpg,2,대
C:\YANUS\lumos\train\images\skyscanner5_png.rf.a89593c81e4c85320d6cc0e01fd2a100.jpg,train/images/skyscanner5_png.rf.a89593c81e4c85320d6cc0e01fd2a100.jpg,0,소
C:\YANUS\lumos\train\images\skyscanner6_png.rf.49e3324b9e532d97191eb4a2e33ef498.jpg,train/images/skyscanner6_png.rf.49e3324b9e532d97191eb4a2e33ef498.jpg,2,대
C:\YANUS\lumos\train\images\skyscanner7_png.rf.f51780112abd17bd158d69b758573ee7.jpg,train/images/skyscanner7_png.rf.f51780112abd17bd158d69b758573ee7.jpg,2,대
C:\YANUS\lumos\train\images\skyscanner8_png.rf.918d455e41c67b8b030f58200802636a.jpg,train/images/skyscanner8_png.rf.918d455e41c67b8b030f58200802636a.jpg,1,중
C:\YANUS\lumos\train\images\spoon1_png.rf.e81e7fbb836078eacb5f419c89664124.jpg,train/images/spoon1_png.rf.e81e7fbb836078eacb5f419c89664124.jpg,2,대
C:\YANUS\lumos\train\images\spoon2_png.rf.e681fac67aaef1b15433cf11fe104dfb.jpg,train/images/spoon2_png.rf.e681fac67aaef1b15433cf11fe104dfb.jpg,1,중
C:\YANUS\lumos\train\images\spoon3_png.rf.373c7918b99cef2c5d3854a31389d9fb.jpg,train/images/spoon3_png.rf.373c7918b99cef2c5d3854a31389d9fb.jpg,2,대
C:\YANUS\lumos\train\images\spoon_png.rf.ef0241da29427eb8f17078eeab4f0f4e.jpg,train/images/spoon_png.rf.ef0241da29427eb8f17078eeab4f0f4e.jpg,2,대
C:\YANUS\lumos\train\images\spotify1_png.rf.ec2ec497e77079a5b173baf214f268a6.jpg,train/images/spotify1_png.rf.ec2ec497e77079a5b173baf214f268a6.jpg,0,소
C:\YANUS\lumos\train\images\spotify3_png.rf.38981870d69fe1a1e069748ceab8a86c.jpg,train/images/spotify3_png.rf.38981870d69fe1a1e069748ceab8a86c.jpg,1,중
C:\YANUS\lumos\train\images\spotify4-2_png.rf.848a423345bc2a11c471f2a1e3ea2cf7.jpg,train/images/spotify4-2_png.rf.848a423345bc2a11c471f2a1e3ea2cf7.jpg,1,중
C:\YANUS\lumos\train\images\spotify4-3_png.rf.d05e100c7440a99a7d91d923cb80358d.jpg,train/images/spotify4-3_png.rf.d05e100c7440a99a7d91d923cb80358d.jpg,1,중
C:\YANUS\lumos\train\images\spotify4-5_png.rf.7640acabee9bf1f4d65584d88db6d8df.jpg,train/images/spotify4-5_png.rf.7640acabee9bf1f4d65584d88db6d8df.jpg,2,대
C:\YANUS\lumos\train\images\spotify4_png.rf.95bb865089b2def5b34d8c0f2daa6045.jpg,train/images/spotify4_png.rf.95bb865089b2def5b34d8c0f2daa6045.jpg,0,소
C:\YANUS\lumos\train\images\ssg10_png.rf.a0d24d8ec2b845cd539b9852cffe68d8.jpg,train/images/ssg10_png.rf.a0d24d8ec2b845cd539b9852cffe68d8.jpg,2,대
C:\YANUS\lumos\train\images\ssg11_png.rf.8465c5614c6c0067c9c91ae943ac21f5.jpg,train/images/ssg11_png.rf.8465c5614c6c0067c9c91ae943ac21f5.jpg,2,대
C:\YANUS\lumos\train\images\ssg12_png.rf.5158f8b84b6207142fed53db6846b625.jpg,train/images/ssg12_png.rf.5158f8b84b6207142fed53db6846b625.jpg,2,대
C:\YANUS\lumos\train\images\ssg13_png.rf.b93395b29c555c5349a316883ef81f27.jpg,train/images/ssg13_png.rf.b93395b29c555c5349a316883ef81f27.jpg,2,대
C:\YANUS\lumos\train\images\ssg14_png.rf.eed496523bf3816777917009bc1abe2f.jpg,train/images/ssg14_png.rf.eed496523bf3816777917009bc1abe2f.jpg,2,대
C:\YANUS\lumos\train\images\ssg16_png.rf.0f923f5b6f57f8edf40cfd4b8cbe4a28.jpg,train/images/ssg16_png.rf.0f923f5b6f57f8edf40cfd4b8cbe4a28.jpg,2,대
C:\YANUS\lumos\train\images\ssg17_png.rf.204eee13ed3aa7477c0582d5fee30eeb.jpg,train/images/ssg17_png.rf.204eee13ed3aa7477c0582d5fee30eeb.jpg,2,대
C:\YANUS\lumos\train\images\ssg19_png.rf.0bfb502167e77bf73ebfa8c624c5ad07.jpg,train/images/ssg19_png.rf.0bfb502167e77bf73ebfa8c624c5ad07.jpg,2,대
C:\YANUS\lumos\train\images\SSG1_png.rf.aef06bec91438ce06317a07be315b10b.jpg,train/images/SSG1_png.rf.aef06bec91438ce06317a07be315b10b.jpg,2,대
C:\YANUS\lumos\train\images\ssg20_png.rf.fb643e6bfdbfa07a754f2ede07f88a04.jpg,train/images/ssg20_png.rf.fb643e6bfdbfa07a754f2ede07f88a04.jpg,2,대
C:\YANUS\lumos\train\images\ssg21_png.rf.a7b0f42e9be77419219db0acefb4a565.jpg,train/images/ssg21_png.rf.a7b0f42e9be77419219db0acefb4a565.jpg,2,대
C:\YANUS\lumos\train\images\ssg22_png.rf.1ed96d708f8205691da0573400d84a59.jpg,train/images/ssg22_png.rf.1ed96d708f8205691da0573400d84a59.jpg,2,대
C:\YANUS\lumos\train\images\ssg23_png.rf.6810b105a965b2be791a69051684965e.jpg,train/images/ssg23_png.rf.6810b105a965b2be791a69051684965e.jpg,2,대
C:\YANUS\lumos\train\images\ssg24_png.rf.ef5e8d29caa994c617c3d77038528f29.jpg,train/images/ssg24_png.rf.ef5e8d29caa994c617c3d77038528f29.jpg,2,대
C:\YANUS\lumos\train\images\SSG26_png.rf.fbd3ed79df25ead541be980fcfbe7c37.jpg,train/images/SSG26_png.rf.fbd3ed79df25ead541be980fcfbe7c37.jpg,2,대
C:\YANUS\lumos\train\images\ssg2_png.rf.1c6eacc688ad0a2b57699745aef35577.jpg,train/images/ssg2_png.rf.1c6eacc688ad0a2b57699745aef35577.jpg,0,소
C:\YANUS\lumos\train\images\ssg3_png.rf.b5def12491105b153b09e23724c07d1d.jpg,train/images/ssg3_png.rf.b5def12491105b153b09e23724c07d1d.jpg,0,소
C:\YANUS\lumos\train\images\ssg6-1_png.rf.6f09502b3a2592f60a525e75197e9318.jpg,train/images/ssg6-1_png.rf.6f09502b3a2592f60a525e75197e9318.jpg,0,소
C:\YANUS\lumos\train\images\ssg6_png.rf.9eba9646c1213c05a195e954bbc93e07.jpg,train/images/ssg6_png.rf.9eba9646c1213c05a195e954bbc93e07.jpg,0,소
C:\YANUS\lumos\train\images\ssg7_png.rf.0ebd5f6ad2ec89eaa9c7e38845575bf7.jpg,train/images/ssg7_png.rf.0ebd5f6ad2ec89eaa9c7e38845575bf7.jpg,0,소
C:\YANUS\lumos\train\images\ssg8_png.rf.de6ab81c1f77a52f863ce03aba671c9b.jpg,train/images/ssg8_png.rf.de6ab81c1f77a52f863ce03aba671c9b.jpg,2,대
C:\YANUS\lumos\train\images\ssg9_png.rf.4f7b65a80393da64c0ac26b8e893ab08.jpg,train/images/ssg9_png.rf.4f7b65a80393da64c0ac26b8e893ab08.jpg,2,대
C:\YANUS\lumos\train\images\superpresso1_png.rf.96d6354316b2d6c2aff9250fcd74c071.jpg,train/images/superpresso1_png.rf.96d6354316b2d6c2aff9250fcd74c071.jpg,2,대
C:\YANUS\lumos\train\images\superpresso2_png.rf.47e18267733fd03f8057ac077bdeed18.jpg,train/images/superpresso2_png.rf.47e18267733fd03f8057ac077bdeed18.jpg,1,중
C:\YANUS\lumos\train\images\superpresso3_png.rf.96651835acbd6781050b71fee194c490.jpg,train/images/superpresso3_png.rf.96651835acbd6781050b71fee194c490.jpg,2,대
C:\YANUS\lumos\train\images\superpresso4_png.rf.a8b7604e2b29658e4c2f3f3bf12650e2.jpg,train/images/superpresso4_png.rf.a8b7604e2b29658e4c2f3f3bf12650e2.jpg,2,대
C:\YANUS\lumos\train\images\superpresso5_png.rf.9f482316428acb2e5a7698777b192b8c.jpg,train/images/superpresso5_png.rf.9f482316428acb2e5a7698777b192b8c.jpg,2,대
C:\YANUS\lumos\train\images\superpresso6_png.rf.d69542fbb68cf0388ed0f9ab2f00c79d.jpg,train/images/superpresso6_png.rf.d69542fbb68cf0388ed0f9ab2f00c79d.jpg,2,대
C:\YANUS\lumos\train\images\superpresso7_png.rf.d232bdbd9348da296d6f8af53c2a6010.jpg,train/images/superpresso7_png.rf.d232bdbd9348da296d6f8af53c2a6010.jpg,2,대
C:\YANUS\lumos\train\images\tstory1_png.rf.7665e262c08374d34714e60db05936e0.jpg,train/images/tstory1_png.rf.7665e262c08374d34714e60db05936e0.jpg,2,대
C:\YANUS\lumos\train\images\tstory2_png.rf.1824453a961e1cc3450e089907432ae6.jpg,train/images/tstory2_png.rf.1824453a961e1cc3450e089907432ae6.jpg,0,소
C:\YANUS\lumos\train\images\tstory3_png.rf.1cd36f32f08d381657c6d9f2e1346471.jpg,train/images/tstory3_png.rf.1cd36f32f08d381657c6d9f2e1346471.jpg,0,소
C:\YANUS\lumos\train\images\tstory4_png.rf.c4d12482fe9e4e735ba441f6a54b5a09.jpg,train/images/tstory4_png.rf.c4d12482fe9e4e735ba441f6a54b5a09.jpg,0,소
C:\YANUS\lumos\train\images\velog_png.rf.493c971e6336d4eb122e68d86b71b39c.jpg,train/images/velog_png.rf.493c971e6336d4eb122e68d86b71b39c.jpg,2,대
C:\YANUS\lumos\train\images\yes24_10_png.rf.80792e00fe51e64a79b2e8df516fe880.jpg,train/images/yes24_10_png.rf.80792e00fe51e64a79b2e8df516fe880.jpg,2,대
C:\YANUS\lumos\train\images\yes24_11_png.rf.531320f3cb16f1d9168bc704ea87a957.jpg,train/images/yes24_11_png.rf.531320f3cb16f1d9168bc704ea87a957.jpg,2,대
C:\YANUS\lumos\train\images\yes24_12_png.rf.d6e06af90310488dc517d5cae6cb5ebf.jpg,train/images/yes24_12_png.rf.d6e06af90310488dc517d5cae6cb5ebf.jpg,2,대
C:\YANUS\lumos\train\images\yes24_13_png.rf.f369521d5d2b2b8007e9d5dfabb89df2.jpg,train/images/yes24_13_png.rf.f369521d5d2b2b8007e9d5dfabb89df2.jpg,2,대
C:\YANUS\lumos\train\images\yes24_16_png.rf.f7f1893a5943cc6ff0917eb388f55822.jpg,train/images/yes24_16_png.rf.f7f1893a5943cc6ff0917eb388f55822.jpg,1,중
C:\YANUS\lumos\train\images\yes24_17_png.rf.f3c0268b7309dcc3f2b4c99d9d629cdf.jpg,train/images/yes24_17_png.rf.f3c0268b7309dcc3f2b4c99d9d629cdf.jpg,2,대
C:\YANUS\lumos\train\images\yes24_18_png.rf.c3e9ee6bebfb7c1b2d52fb627a3f64e2.jpg,train/images/yes24_18_png.rf.c3e9ee6bebfb7c1b2d52fb627a3f64e2.jpg,2,대
C:\YANUS\lumos\train\images\yes24_19_png.rf.bb5d923201ef0ba01fd127f350371019.jpg,train/images/yes24_19_png.rf.bb5d923201ef0ba01fd127f350371019.jpg,1,중
C:\YANUS\lumos\train\images\yes24_20_png.rf.df5de446efc740caa746aa01c1d69842.jpg,train/images/yes24_20_png.rf.df5de446efc740caa746aa01c1d69842.jpg,2,대
C:\YANUS\lumos\train\images\yes24_21_png.rf.e4382f0797ec5961c83870cede5a798f.jpg,train/images/yes24_21_png.rf.e4382f0797ec5961c83870cede5a798f.jpg,2,대
C:\YANUS\lumos\train\images\yes24_22_png.rf.555a4c9470973bf5c49ddd8552c450d3.jpg,train/images/yes24_22_png.rf.555a4c9470973bf5c49ddd8552c450d3.jpg,2,대
C:\YANUS\lumos\train\images\yes24_23_png.rf.e05570b2462dc950ab7b9a2571006a8e.jpg,train/images/yes24_23_png.rf.e05570b2462dc950ab7b9a2571006a8e.jpg,2,대
C:\YANUS\lumos\train\images\yes24_24_png.rf.371946a7e0ecd54c157ff6878b012932.jpg,train/images/yes24_24_png.rf.371946a7e0ecd54c157ff6878b012932.jpg,2,대
C:\YANUS\lumos\train\images\yes24_25_png.rf.39bf5100c0d753bb8f7e4587a2f0463d.jpg,train/images/yes24_25_png.rf.39bf5100c0d753bb8f7e4587a2f0463d.jpg,2,대
C:\YANUS\lumos\train\images\yes24_26_png.rf.aa06141ca417f0ad9ea71bd8eef59569.jpg,train/images/yes24_26_png.rf.aa06141ca417f0ad9ea71bd8eef59569.jpg,2,대
C:\YANUS\lumos\train\images\yes24_27_png.rf.8a331748896d3d7fa9666591164586f5.jpg,train/images/yes24_27_png.rf.8a331748896d3d7fa9666591164586f5.jpg,2,대
C:\YANUS\lumos\train\images\yes24_28_png.rf.493d77cc9e0d57d28efb4bd2cd62b170.jpg,train/images/yes24_28_png.rf.493d77cc9e0d57d28efb4bd2cd62b170.jpg,2,대
C:\YANUS\lumos\train\images\yes24_29_png.rf.8c4fc00cd8bb5b917af3e17193204d40.jpg,train/images/yes24_29_png.rf.8c4fc00cd8bb5b917af3e17193204d40.jpg,2,대
C:\YANUS\lumos\train\images\yes24_2_png.rf.60fcb7dc019561c96c7f4fbaf7f991c5.jpg,train/images/yes24_2_png.rf.60fcb7dc019561c96c7f4fbaf7f991c5.jpg,0,소
C:\YANUS\lumos\train\images\yes24_30_png.rf.017056cabbe263cf2dea93c05f90061e.jpg,train/images/yes24_30_png.rf.017056cabbe263cf2dea93c05f90061e.jpg,0,소
C:\YANUS\lumos\train\images\yes24_33_png.rf.b7104a506ac433fb2f02ae455290728c.jpg,train/images/yes24_33_png.rf.b7104a506ac433fb2f02ae455290728c.jpg,1,중
C:\YANUS\lumos\train\images\yes24_34_png.rf.bb923798e8b7bc17d06342a763c3468b.jpg,train/images/yes24_34_png.rf.bb923798e8b7bc17d06342a763c3468b.jpg,2,대
C:\YANUS\lumos\train\images\yes24_35_png.rf.5ce8a06dc8de201c82050cb2e8bbeb72.jpg,train/images/yes24_35_png.rf.5ce8a06dc8de201c82050cb2e8bbeb72.jpg,0,소
C:\YANUS\lumos\train\images\yes24_36_png.rf.b5b7fb6b8ad0489d13fb1514f0d287a0.jpg,train/images/yes24_36_png.rf.b5b7fb6b8ad0489d13fb1514f0d287a0.jpg,1,중
C:\YANUS\lumos\train\images\yes24_38_png.rf.4de0d3ba73974cd3b591cfa7beab6a41.jpg,train/images/yes24_38_png.rf.4de0d3ba73974cd3b591cfa7beab6a41.jpg,0,소
C:\YANUS\lumos\train\images\yes24_39_png.rf.f7f34e1505e4b58fb54865683b8f017f.jpg,train/images/yes24_39_png.rf.f7f34e1505e4b58fb54865683b8f017f.jpg,1,중
C:\YANUS\lumos\train\images\yes24_3_png.rf.4396f7687599a5e510adfc9d13dac6d1.jpg,train/images/yes24_3_png.rf.4396f7687599a5e510adfc9d13dac6d1.jpg,2,대
C:\YANUS\lumos\train\images\yes24_40_png.rf.248d43f18aa74f7be7fe4608cf305f54.jpg,train/images/yes24_40_png.rf.248d43f18aa74f7be7fe4608cf305f54.jpg,0,소
C:\YANUS\lumos\train\images\yes24_41_png.rf.4e60b074edc0ddfde56a00b1cf3ddd55.jpg,train/images/yes24_41_png.rf.4e60b074edc0ddfde56a00b1cf3ddd55.jpg,2,대
C:\YANUS\lumos\train\images\yes24_4_png.rf.f2b65c665a51ed99e78d3a2b81788047.jpg,train/images/yes24_4_png.rf.f2b65c665a51ed99e78d3a2b81788047.jpg,2,대
C:\YANUS\lumos\train\images\yes24_5_png.rf.cfde648b548b3281d376fa725cb8fd0f.jpg,train/images/yes24_5_png.rf.cfde648b548b3281d376fa725cb8fd0f.jpg,2,대
C:\YANUS\lumos\train\images\yes24_7_png.rf.586e0dcd1542283a70ec623f02bfa752.jpg,train/images/yes24_7_png.rf.586e0dcd1542283a70ec623f02bfa752.jpg,0,소
C:\YANUS\lumos\train\images\yes24_8_png.rf.3a78ed72ba865362fb4015f54c6b97d8.jpg,train/images/yes24_8_png.rf.3a78ed72ba865362fb4015f54c6b97d8.jpg,1,중
C:\YANUS\lumos\train\images\yes24_9_png.rf.3a5c84cb6d6574623d8df8ba36e377e1.jpg,train/images/yes24_9_png.rf.3a5c84cb6d6574623d8df8ba36e377e1.jpg,2,대
C:\YANUS\lumos\train\images\yes24_png.rf.cd40c06ddc0845ad0c6e23c9856faed6.jpg,train/images/yes24_png.rf.cd40c06ddc0845ad0c6e23c9856faed6.jpg,2,대
